Time,Omega,Omega,Omega,Omega,AxlTrq,BrkPrs
0,0,0,0,0,10,0
0.01,0.1351342,0,0,0,10,0
0.02,0.2702666,0,0,0,10,0
0.03,0.4053972,0,0,0,10,0
0.04,0.5405259,0,0,0,10,0
0.05,0.6756528,0,0,0,10,0
0.06,0.8107779,0,0,0,10,0
0.07,0.9459012,0,0,0,10,0
0.08,1.081023,0,0,0,10,0
0.09,1.216142,0,0,0,10,0
0.1,1.35126,0,0,0,10,0
0.11,1.486376,0,0,0,10,0
0.12,1.62149,0,0,0,10,0
0.13,1.756602,0,0,0,10,0
0.14,1.891713,0,0,0,10,0
0.15,2.026822,0,0,0,10,0
0.16,2.161928,0,0,0,10,0
0.17,2.297033,0,0,0,10,0
0.18,2.432137,0,0,0,10,0
0.19,2.567238,0,0,0,10,0
0.2,2.702338,0,0,0,10,0
0.21,2.837435,0,0,0,10,0
0.22,2.972531,0,0,0,10,0
0.23,3.107625,0,0,0,10,0
0.24,3.242717,0,0,0,10,0
0.25,3.377808,0,0,0,10,0
0.26,3.512896,0,0,0,10,0
0.27,3.647983,0,0,0,10,0
0.28,3.783068,0,0,0,10,0
0.29,3.918151,0,0,0,10,0
0.3,4.053232,0,0,0,10,0
0.31,4.188312,0,0,0,10,0
0.32,4.323389,0,0,0,10,0
0.33,4.458465,0,0,0,10,0
0.34,4.593539,0,0,0,10,0
0.35,4.728611,0,0,0,10,0
0.36,4.863682,0,0,0,10,0
0.37,4.99875,0,0,0,10,0
0.38,5.133817,0,0,0,10,0
0.39,5.268882,0,0,0,10,0
0.4,5.403945,0,0,0,10,0
0.41,5.539006,0,0,0,10,0
0.42,5.674065,0,0,0,10,0
0.43,5.809123,0,0,0,10,0
0.44,5.944179,0,0,0,10,0
0.45,6.079232,0,0,0,10,0
0.46,6.214285,0,0,0,10,0
0.47,6.349335,0,0,0,10,0
0.48,6.484383,0,0,0,10,0
0.49,6.61943,0,0,0,10,0
0.5,6.754475,0,0,0,10,0
0.51,6.889518,0,0,0,10,0
0.52,7.024559,0,0,0,10,0
0.53,7.159598,0,0,0,10,0
0.54,7.294635,0,0,0,10,0
0.55,7.429671,0,0,0,10,0
0.56,7.564705,0,0,0,10,0
0.57,7.699737,0,0,0,10,0
0.58,7.834767,0,0,0,10,0
0.59,7.969795,0,0,0,10,0
0.6,8.104822,0,0,0,10,0
0.61,8.239847,0,0,0,10,0
0.62,8.374869,0,0,0,10,0
0.63,8.509891,0,0,0,10,0
0.64,8.64491,0,0,0,10,0
0.65,8.779927,0,0,0,10,0
0.66,8.914943,0,0,0,10,0
0.67,9.049956,0,0,0,10,0
0.68,9.184968,0,0,0,10,0
0.69,9.319979,0,0,0,10,0
0.7,9.454987,0,0,0,10,0
0.71,9.589993,0,0,0,10,0
0.72,9.724998,0,0,0,10,0
0.73,9.860001,0,0,0,10,0
0.74,9.995002,0,0,0,10,0
0.75,10.13,0,0,0,10,0
0.76,10.265,0,0,0,10,0
0.77,10.39999,0,0,0,10,0
0.78,10.53499,0,0,0,10,0
0.79,10.66998,0,0,0,10,0
0.8,10.80497,0,0,0,10,0
0.81,10.93996,0,0,0,10,0
0.82,11.07494,0,0,0,10,0
0.83,11.20993,0,0,0,10,0
0.84,11.34491,0,0,0,10,0
0.85,11.47989,0,0,0,10,0
0.86,11.61487,0,0,0,10,0
0.87,11.74985,0,0,0,10,0
0.88,11.88482,0,0,0,10,0
0.89,12.0198,0,0,0,10,0
0.9,12.15477,0,0,0,10,0
0.91,12.28974,0,0,0,10,0
0.92,12.42471,0,0,0,10,0
0.93,12.55967,0,0,0,10,0
0.94,12.69464,0,0,0,10,0
0.95,12.8296,0,0,0,10,0
0.96,12.96456,0,0,0,10,0
0.97,13.09952,0,0,0,10,0
0.98,13.23448,0,0,0,10,0
0.99,13.36943,0,0,0,10,0
1,13.50439,0,0,0,10,0
1.01,13.63934,0,0,0,10,0
1.02,13.77429,0,0,0,10,0
1.03,13.90924,0,0,0,10,0
1.04,14.04418,0,0,0,10,0
1.05,14.17913,0,0,0,10,0
1.06,14.31407,0,0,0,10,0
1.07,14.44901,0,0,0,10,0
1.08,14.58395,0,0,0,10,0
1.09,14.71889,0,0,0,10,0
1.1,14.85382,0,0,0,10,0
1.11,14.98876,0,0,0,10,0
1.12,15.12369,0,0,0,10,0
1.13,15.25862,0,0,0,10,0
1.14,15.39355,0,0,0,10,0
1.15,15.52847,0,0,0,10,0
1.16,15.6634,0,0,0,10,0
1.17,15.79832,0,0,0,10,0
1.18,15.93324,0,0,0,10,0
1.19,16.06816,0,0,0,10,0
1.2,16.20308,0,0,0,10,0
1.21,16.33799,0,0,0,10,0
1.22,16.4729,0,0,0,10,0
1.23,16.60782,0,0,0,10,0
1.24,16.74273,0,0,0,10,0
1.25,16.87763,0,0,0,10,0
1.26,17.01254,0,0,0,10,0
1.27,17.14744,0,0,0,10,0
1.28,17.28235,0,0,0,10,0
1.29,17.41725,0,0,0,10,0
1.3,17.55215,0,0,0,10,0
1.31,17.68704,0,0,0,10,0
1.32,17.82194,0,0,0,10,0
1.33,17.95683,0,0,0,10,0
1.34,18.09172,0,0,0,10,0
1.35,18.22661,0,0,0,10,0
1.36,18.3615,0,0,0,10,0
1.37,18.49639,0,0,0,10,0
1.38,18.63127,0,0,0,10,0
1.39,18.76615,0,0,0,10,0
1.4,18.90103,0,0,0,10,0
1.41,19.03591,0,0,0,10,0
1.42,19.17079,0,0,0,10,0
1.43,19.30566,0,0,0,10,0
1.44,19.44054,0,0,0,10,0
1.45,19.57541,0,0,0,10,0
1.46,19.71028,0,0,0,10,0
1.47,19.84515,0,0,0,10,0
1.48,19.98001,0,0,0,10,0
1.49,20.11488,0,0,0,10,0
1.5,20.24974,0,0,0,10,0
1.51,20.3846,0,0,0,10,0
1.52,20.51946,0,0,0,10,0
1.53,20.65432,0,0,0,10,0
1.54,20.78917,0,0,0,10,0
1.55,20.92402,0,0,0,10,0
1.56,21.05888,0,0,0,10,0
1.57,21.19373,0,0,0,10,0
1.58,21.32857,0,0,0,10,0
1.59,21.46342,0,0,0,10,0
1.6,21.59826,0,0,0,10,0
1.61,21.73311,0,0,0,10,0
1.62,21.86795,0,0,0,10,0
1.63,22.00279,0,0,0,10,0
1.64,22.13762,0,0,0,10,0
1.65,22.27246,0,0,0,10,0
1.66,22.40729,0,0,0,10,0
1.67,22.54212,0,0,0,10,0
1.68,22.67695,0,0,0,10,0
1.69,22.81178,0,0,0,10,0
1.7,22.94661,0,0,0,10,0
1.71,23.08143,0,0,0,10,0
1.72,23.21625,0,0,0,10,0
1.73,23.35107,0,0,0,10,0
1.74,23.48589,0,0,0,10,0
1.75,23.62071,0,0,0,10,0
1.76,23.75552,0,0,0,10,0
1.77,23.89034,0,0,0,10,0
1.78,24.02515,0,0,0,10,0
1.79,24.15996,0,0,0,10,0
1.8,24.29476,0,0,0,10,0
1.81,24.42957,0,0,0,10,0
1.82,24.56437,0,0,0,10,0
1.83,24.69918,0,0,0,10,0
1.84,24.83398,0,0,0,10,0
1.85,24.96878,0,0,0,10,0
1.86,25.10357,0,0,0,10,0
1.87,25.23837,0,0,0,10,0
1.88,25.37316,0,0,0,10,0
1.89,25.50795,0,0,0,10,0
1.9,25.64274,0,0,0,10,0
1.91,25.77753,0,0,0,10,0
1.92,25.91232,0,0,0,10,0
1.93,26.0471,0,0,0,10,0
1.94,26.18188,0,0,0,10,0
1.95,26.31666,0,0,0,10,0
1.96,26.45144,0,0,0,10,0
1.97,26.58622,0,0,0,10,0
1.98,26.72099,0,0,0,10,0
1.99,26.85577,0,0,0,10,0
2,26.99054,0,0,0,10,0
2.01,27.12531,0,0,0,10,0
2.02,27.26007,0,0,0,10,0
2.03,27.39484,0,0,0,10,0
2.04,27.5296,0,0,0,10,0
2.05,27.66437,0,0,0,10,0
2.06,27.79913,0,0,0,10,0
2.07,27.93389,0,0,0,10,0
2.08,28.06864,0,0,0,10,0
2.09,28.2034,0,0,0,10,0
2.1,28.33815,0,0,0,10,0
2.11,28.4729,0,0,0,10,0
2.12,28.60765,0,0,0,10,0
2.13,28.7424,0,0,0,10,0
2.14,28.87714,0,0,0,10,0
2.15,29.01189,0,0,0,10,0
2.16,29.14663,0,0,0,10,0
2.17,29.28137,0,0,0,10,0
2.18,29.41611,0,0,0,10,0
2.19,29.55085,0,0,0,10,0
2.2,29.68558,0,0,0,10,0
2.21,29.82031,0,0,0,10,0
2.22,29.95504,0,0,0,10,0
2.23,30.08977,0,0,0,10,0
2.24,30.2245,0,0,0,10,0
2.25,30.35923,0,0,0,10,0
2.26,30.49395,0,0,0,10,0
2.27,30.62867,0,0,0,10,0
2.28,30.76339,0,0,0,10,0
2.29,30.89811,0,0,0,10,0
2.3,31.03283,0,0,0,10,0
2.31,31.16754,0,0,0,10,0
2.32,31.30226,0,0,0,10,0
2.33,31.43697,0,0,0,10,0
2.34,31.57168,0,0,0,10,0
2.35,31.70639,0,0,0,10,0
2.36,31.84109,0,0,0,10,0
2.37,31.9758,0,0,0,10,0
2.38,32.1105,0,0,0,10,0
2.39,32.2452,0,0,0,10,0
2.4,32.3799,0,0,0,10,0
2.41,32.51459,0,0,0,10,0
2.42,32.64929,0,0,0,10,0
2.43,32.78398,0,0,0,10,0
2.44,32.91867,0,0,0,10,0
2.45,33.05336,0,0,0,10,0
2.46,33.18805,0,0,0,10,0
2.47,33.32273,0,0,0,10,0
2.48,33.45742,0,0,0,10,0
2.49,33.5921,0,0,0,10,0
2.5,33.72678,0,0,0,10,0
2.51,33.86146,0,0,0,10,0
2.52,33.99614,0,0,0,10,0
2.53,34.13081,0,0,0,10,0
2.54,34.26548,0,0,0,10,0
2.55,34.40015,0,0,0,10,0
2.56,34.53482,0,0,0,10,0
2.57,34.66949,0,0,0,10,0
2.58,34.80416,0,0,0,10,0
2.59,34.93882,0,0,0,10,0
2.6,35.07348,0,0,0,10,0
2.61,35.20814,0,0,0,10,0
2.62,35.3428,0,0,0,10,0
2.63,35.47746,0,0,0,10,0
2.64,35.61211,0,0,0,10,0
2.65,35.74677,0,0,0,10,0
2.66,35.88142,0,0,0,10,0
2.67,36.01607,0,0,0,10,0
2.68,36.15071,0,0,0,10,0
2.69,36.28536,0,0,0,10,0
2.7,36.42,0,0,0,10,0
2.71,36.55465,0,0,0,10,0
2.72,36.68929,0,0,0,10,0
2.73,36.82392,0,0,0,10,0
2.74,36.95856,0,0,0,10,0
2.75,37.0932,0,0,0,10,0
2.76,37.22783,0,0,0,10,0
2.77,37.36246,0,0,0,10,0
2.78,37.49709,0,0,0,10,0
2.79,37.63172,0,0,0,10,0
2.8,37.76634,0,0,0,10,0
2.81,37.90097,0,0,0,10,0
2.82,38.03559,0,0,0,10,0
2.83,38.17021,0,0,0,10,0
2.84,38.30483,0,0,0,10,0
2.85,38.43944,0,0,0,10,0
2.86,38.57406,0,0,0,10,0
2.87,38.70867,0,0,0,10,0
2.88,38.84328,0,0,0,10,0
2.89,38.97789,0,0,0,10,0
2.9,39.1125,0,0,0,10,0
2.91,39.24711,0,0,0,10,0
2.92,39.38171,0,0,0,10,0
2.93,39.51631,0,0,0,10,0
2.94,39.65091,0,0,0,10,0
2.95,39.78551,0,0,0,10,0
2.96,39.92011,0,0,0,10,0
2.97,40.0547,0,0,0,10,0
2.98,40.18929,0,0,0,10,0
2.99,40.32389,0,0,0,10,0
3,40.45847,0,0,0,10,100000
3.01,40.4052,0,0,0,0,100000
3.02,40.2168,0,0,0,0,100000
3.03,40.0284,0,0,0,0,100000
3.04,39.84,0,0,0,0,100000
3.05,39.65161,0,0,0,0,100000
3.06,39.46321,0,0,0,0,100000
3.07,39.27482,0,0,0,0,100000
3.08,39.08643,0,0,0,0,100000
3.09,38.89805,0,0,0,0,100000
3.1,38.70966,0,0,0,0,100000
3.11,38.52128,0,0,0,0,100000
3.12,38.33291,0,0,0,0,100000
3.13,38.14453,0,0,0,0,100000
3.14,37.95616,0,0,0,0,100000
3.15,37.76779,0,0,0,0,100000
3.16,37.57942,0,0,0,0,100000
3.17,37.39105,0,0,0,0,100000
3.18,37.20269,0,0,0,0,100000
3.19,37.01433,0,0,0,0,100000
3.2,36.82597,0,0,0,0,100000
3.21,36.63762,0,0,0,0,100000
3.22,36.44927,0,0,0,0,100000
3.23,36.26092,0,0,0,0,100000
3.24,36.07257,0,0,0,0,100000
3.25,35.88422,0,0,0,0,100000
3.26,35.69588,0,0,0,0,100000
3.27,35.50754,0,0,0,0,100000
3.28,35.3192,0,0,0,0,100000
3.29,35.13087,0,0,0,0,100000
3.3,34.94254,0,0,0,0,100000
3.31,34.75421,0,0,0,0,100000
3.32,34.56588,0,0,0,0,100000
3.33,34.37756,0,0,0,0,100000
3.34,34.18923,0,0,0,0,100000
3.35,34.00091,0,0,0,0,100000
3.36,33.8126,0,0,0,0,100000
3.37,33.62428,0,0,0,0,100000
3.38,33.43597,0,0,0,0,100000
3.39,33.24766,0,0,0,0,100000
3.4,33.05935,0,0,0,0,100000
3.41,32.87105,0,0,0,0,100000
3.42,32.68275,0,0,0,0,100000
3.43,32.49445,0,0,0,0,100000
3.44,32.30615,0,0,0,0,100000
3.45,32.11786,0,0,0,0,100000
3.46,31.92957,0,0,0,0,100000
3.47,31.74128,0,0,0,0,100000
3.48,31.55299,0,0,0,0,100000
3.49,31.36471,0,0,0,0,100000
3.5,31.17643,0,0,0,0,100000
3.51,30.98815,0,0,0,0,100000
3.52,30.79987,0,0,0,0,100000
3.53,30.6116,0,0,0,0,100000
3.54,30.42333,0,0,0,0,100000
3.55,30.23506,0,0,0,0,100000
3.56,30.04679,0,0,0,0,100000
3.57,29.85853,0,0,0,0,100000
3.58,29.67027,0,0,0,0,100000
3.59,29.48201,0,0,0,0,100000
3.6,29.29375,0,0,0,0,100000
3.61,29.1055,0,0,0,0,100000
3.62,28.91725,0,0,0,0,100000
3.63,28.729,0,0,0,0,100000
3.64,28.54076,0,0,0,0,100000
3.65,28.35251,0,0,0,0,100000
3.66,28.16427,0,0,0,0,100000
3.67,27.97603,0,0,0,0,100000
3.68,27.7878,0,0,0,0,100000
3.69,27.59957,0,0,0,0,100000
3.7,27.41133,0,0,0,0,100000
3.71,27.22311,0,0,0,0,100000
3.72,27.03488,0,0,0,0,100000
3.73,26.84666,0,0,0,0,100000
3.74,26.65844,0,0,0,0,100000
3.75,26.47022,0,0,0,0,100000
3.76,26.28201,0,0,0,0,100000
3.77,26.09379,0,0,0,0,100000
3.78,25.90558,0,0,0,0,100000
3.79,25.71738,0,0,0,0,100000
3.8,25.52917,0,0,0,0,100000
3.81,25.34097,0,0,0,0,100000
3.82,25.15277,0,0,0,0,100000
3.83,24.96457,0,0,0,0,100000
3.84,24.77638,0,0,0,0,100000
3.85,24.58818,0,0,0,0,100000
3.86,24.39999,0,0,0,0,100000
3.87,24.21181,0,0,0,0,100000
3.88,24.02362,0,0,0,0,100000
3.89,23.83544,0,0,0,0,100000
3.9,23.64726,0,0,0,0,100000
3.91,23.45908,0,0,0,0,100000
3.92,23.27091,0,0,0,0,100000
3.93,23.08274,0,0,0,0,100000
3.94,22.89457,0,0,0,0,100000
3.95,22.7064,0,0,0,0,100000
3.96,22.51824,0,0,0,0,100000
3.97,22.33007,0,0,0,0,100000
3.98,22.14191,0,0,0,0,100000
3.99,21.95376,0,0,0,0,100000
4,21.7656,0,0,0,0,100000
4.01,21.57745,0,0,0,0,100000
4.02,21.3893,0,0,0,0,100000
4.03,21.20116,0,0,0,0,100000
4.04,21.01301,0,0,0,0,100000
4.05,20.82487,0,0,0,0,100000
4.06,20.63673,0,0,0,0,100000
4.07,20.4486,0,0,0,0,100000
4.08,20.26046,0,0,0,0,100000
4.09,20.07233,0,0,0,0,100000
4.1,19.8842,0,0,0,0,100000
4.11,19.69608,0,0,0,0,100000
4.12,19.50795,0,0,0,0,100000
4.13,19.31983,0,0,0,0,100000
4.14,19.13171,0,0,0,0,100000
4.15,18.9436,0,0,0,0,100000
4.16,18.75548,0,0,0,0,100000
4.17,18.56737,0,0,0,0,100000
4.18,18.37926,0,0,0,0,100000
4.19,18.19116,0,0,0,0,100000
4.2,18.00305,0,0,0,0,100000
4.21,17.81495,0,0,0,0,100000
4.22,17.62686,0,0,0,0,100000
4.23,17.43876,0,0,0,0,100000
4.24,17.25067,0,0,0,0,100000
4.25,17.06258,0,0,0,0,100000
4.26,16.87449,0,0,0,0,100000
4.27,16.6864,0,0,0,0,100000
4.28,16.49832,0,0,0,0,100000
4.29,16.31024,0,0,0,0,100000
4.3,16.12216,0,0,0,0,100000
4.31,15.93409,0,0,0,0,100000
4.32,15.74601,0,0,0,0,100000
4.33,15.55794,0,0,0,0,100000
4.34,15.36988,0,0,0,0,100000
4.35,15.18181,0,0,0,0,100000
4.36,14.99375,0,0,0,0,100000
4.37,14.80569,0,0,0,0,100000
4.38,14.61763,0,0,0,0,100000
4.39,14.42958,0,0,0,0,100000
4.4,14.24152,0,0,0,0,100000
4.41,14.05347,0,0,0,0,100000
4.42,13.86543,0,0,0,0,100000
4.43,13.67738,0,0,0,0,100000
4.44,13.48934,0,0,0,0,100000
4.45,13.3013,0,0,0,0,100000
4.46,13.11326,0,0,0,0,100000
4.47,12.92523,0,0,0,0,100000
4.48,12.73719,0,0,0,0,100000
4.49,12.54916,0,0,0,0,100000
4.5,12.36114,0,0,0,0,100000
4.51,12.17311,0,0,0,0,100000
4.52,11.98509,0,0,0,0,100000
4.53,11.79707,0,0,0,0,100000
4.54,11.60905,0,0,0,0,100000
4.55,11.42104,0,0,0,0,100000
4.56,11.23303,0,0,0,0,100000
4.57,11.04502,0,0,0,0,100000
4.58,10.85701,0,0,0,0,100000
4.59,10.66901,0,0,0,0,100000
4.6,10.48101,0,0,0,0,100000
4.61,10.29301,0,0,0,0,100000
4.62,10.10501,0,0,0,0,100000
4.63,9.917017,0,0,0,0,100000
4.64,9.729025,0,0,0,0,100000
4.65,9.541037,0,0,0,0,100000
4.66,9.35305,0,0,0,0,100000
4.67,9.165066,0,0,0,0,100000
4.68,8.977085,0,0,0,0,100000
4.69,8.789106,0,0,0,0,100000
4.7,8.60113,0,0,0,0,100000
4.71,8.413156,0,0,0,0,100000
4.72,8.225185,0,0,0,0,100000
4.73,8.037216,0,0,0,0,100000
4.74,7.84925,0,0,0,0,100000
4.75,7.661287,0,0,0,0,100000
4.76,7.473326,0,0,0,0,100000
4.77,7.285367,0,0,0,0,100000
4.78,7.097411,0,0,0,0,100000
4.79,6.909458,0,0,0,0,100000
4.8,6.721507,0,0,0,0,100000
4.81,6.533559,0,0,0,0,100000
4.82,6.345613,0,0,0,0,100000
4.83,6.15767,0,0,0,0,100000
4.84,5.969729,0,0,0,0,100000
4.85,5.781791,0,0,0,0,100000
4.86,5.593855,0,0,0,0,100000
4.87,5.405922,0,0,0,0,100000
4.88,5.217992,0,0,0,0,100000
4.89,5.030064,0,0,0,0,100000
4.9,4.842138,0,0,0,0,100000
4.91,4.654215,0,0,0,0,100000
4.92,4.466295,0,0,0,0,100000
4.93,4.278377,0,0,0,0,100000
4.94,4.090462,0,0,0,0,100000
4.95,3.902549,0,0,0,0,100000
4.96,3.714639,0,0,0,0,100000
4.97,3.526731,0,0,0,0,100000
4.98,3.338826,0,0,0,0,100000
4.99,3.150923,0,0,0,0,100000
5,2.963023,0,0,0,0,100000
5.01,2.775126,0,0,0,0,100000
5.02,2.587231,0,0,0,0,100000
5.03,2.399338,0,0,0,0,100000
5.04,2.211449,0,0,0,0,100000
5.05,2.023561,0,0,0,0,100000
5.06,1.835676,0,0,0,0,100000
5.07,1.647794,0,0,0,0,100000
5.08,1.459916,0,0,0,0,100000
5.09,1.272046,0,0,0,0,100000
5.1,1.084201,0,0,0,0,100000
5.11,0.8964654,0,0,0,0,100000
5.12,0.7092051,0,0,0,0,100000
5.13,0.5240257,0,0,0,0,100000
5.14,0.3473204,0,0,0,0,100000
5.15,0.1973124,0,0,0,0,100000
5.16,0.0959612,0,0,0,0,100000
5.17,0.0424187,0,0,0,0,100000
5.18,0.0181702,0,0,0,0,100000
5.19,0.007730794,0,0,0,0,100000
5.2,0.003285025,0,0,0,0,100000
5.21,0.001395575,0,0,0,0,100000
5.22,0.000592857,0,0,0,0,100000
5.23,0.000251851,0,0,0,0,100000
5.24,0.000106988,0,0,0,0,100000
5.25,4.54E-05,0,0,0,0,100000
5.26,1.93E-05,0,0,0,0,100000
5.27,8.20E-06,0,0,0,0,100000
5.28,3.48E-06,0,0,0,0,100000
5.29,1.48E-06,0,0,0,0,100000
5.3,6.29E-07,0,0,0,0,100000
5.31,2.67E-07,0,0,0,0,100000
5.32,1.13E-07,0,0,0,0,100000
5.33,4.82E-08,0,0,0,0,100000
5.34,2.05E-08,0,0,0,0,100000
5.35,8.70E-09,0,0,0,0,100000
5.36,3.70E-09,0,0,0,0,100000
5.37,1.57E-09,0,0,0,0,100000
5.38,6.67E-10,0,0,0,0,100000
5.39,2.83E-10,0,0,0,0,100000
5.4,1.20E-10,0,0,0,0,100000
5.41,5.11E-11,0,0,0,0,100000
5.42,2.17E-11,0,0,0,0,100000
5.43,9.23E-12,0,0,0,0,100000
5.44,3.92E-12,0,0,0,0,100000
5.45,1.66E-12,0,0,0,0,100000
5.46,7.07E-13,0,0,0,0,100000
5.47,3.00E-13,0,0,0,0,100000
5.48,1.28E-13,0,0,0,0,100000
5.49,5.42E-14,0,0,0,0,100000
5.5,2.30E-14,0,0,0,0,100000
5.51,9.78E-15,0,0,0,0,100000
5.52,4.16E-15,0,0,0,0,100000
5.53,1.77E-15,0,0,0,0,100000
5.54,7.50E-16,0,0,0,0,100000
5.55,3.19E-16,0,0,0,0,100000
5.56,1.35E-16,0,0,0,0,100000
5.57,5.75E-17,0,0,0,0,100000
5.58,2.44E-17,0,0,0,0,100000
5.59,1.04E-17,0,0,0,0,100000
5.6,4.41E-18,0,0,0,0,100000
5.61,1.87E-18,0,0,0,0,100000
5.62,7.96E-19,0,0,0,0,100000
5.63,3.38E-19,0,0,0,0,100000
5.64,1.44E-19,0,0,0,0,100000
5.65,6.10E-20,0,0,0,0,100000
5.66,2.59E-20,0,0,0,0,100000
5.67,1.10E-20,0,0,0,0,100000
5.68,4.68E-21,0,0,0,0,100000
5.69,1.99E-21,0,0,0,0,100000
5.7,8.44E-22,0,0,0,0,100000
5.71,3.58E-22,0,0,0,0,100000
5.72,1.52E-22,0,0,0,0,100000
5.73,6.47E-23,0,0,0,0,100000
5.74,2.75E-23,0,0,0,0,100000
5.75,1.17E-23,0,0,0,0,100000
5.76,4.96E-24,0,0,0,0,100000
5.77,2.11E-24,0,0,0,0,100000
5.78,8.95E-25,0,0,0,0,100000
5.79,3.80E-25,0,0,0,0,100000
5.8,1.61E-25,0,0,0,0,100000
5.81,6.86E-26,0,0,0,0,100000
5.82,2.91E-26,0,0,0,0,100000
5.83,1.24E-26,0,0,0,0,100000
5.84,5.26E-27,0,0,0,0,100000
5.85,2.23E-27,0,0,0,0,100000
5.86,9.49E-28,0,0,0,0,100000
5.87,4.03E-28,0,0,0,0,100000
5.88,1.71E-28,0,0,0,0,100000
5.89,7.28E-29,0,0,0,0,100000
5.9,3.09E-29,0,0,0,0,100000
5.91,1.31E-29,0,0,0,0,100000
5.92,5.58E-30,0,0,0,0,100000
5.93,2.37E-30,0,0,0,0,100000
5.94,1.01E-30,0,0,0,0,100000
5.95,4.28E-31,0,0,0,0,100000
5.96,1.82E-31,0,0,0,0,100000
5.97,7.72E-32,0,0,0,0,100000
5.98,3.28E-32,0,0,0,0,100000
5.99,1.39E-32,0,0,0,0,100000
6,5.92E-33,0,0,0,10,100000
6.01,0.1032973,0,0,0,10,0
6.02,0.2384301,0,0,0,10,0
6.03,0.3735611,0,0,0,10,0
6.04,0.5086903,0,0,0,10,0
6.05,0.6438177,0,0,0,10,0
6.06,0.7789432,0,0,0,10,0
6.07,0.9140669,0,0,0,10,0
6.08,1.049189,0,0,0,10,0
6.09,1.184309,0,0,0,10,0
6.1,1.319427,0,0,0,10,0
6.11,1.454543,0,0,0,10,0
6.12,1.589658,0,0,0,10,0
6.13,1.724771,0,0,0,10,0
6.14,1.859882,0,0,0,10,0
6.15,1.994991,0,0,0,10,0
6.16,2.130098,0,0,0,10,0
6.17,2.265203,0,0,0,10,0
6.18,2.400307,0,0,0,10,0
6.19,2.535409,0,0,0,10,0
6.2,2.670509,0,0,0,10,0
6.21,2.805607,0,0,0,10,0
6.22,2.940703,0,0,0,10,0
6.23,3.075798,0,0,0,10,0
6.24,3.21089,0,0,0,10,0
6.25,3.345981,0,0,0,10,0
6.26,3.48107,0,0,0,10,0
6.27,3.616157,0,0,0,10,0
6.28,3.751243,0,0,0,10,0
6.29,3.886326,0,0,0,10,0
6.3,4.021408,0,0,0,10,0
6.31,4.156488,0,0,0,10,0
6.32,4.291566,0,0,0,10,0
6.33,4.426642,0,0,0,10,0
6.34,4.561717,0,0,0,10,0
6.35,4.696789,0,0,0,10,0
6.36,4.83186,0,0,0,10,0
6.37,4.966929,0,0,0,10,0
6.38,5.101996,0,0,0,10,0
6.39,5.237061,0,0,0,10,0
6.4,5.372125,0,0,0,10,0
6.41,5.507186,0,0,0,10,0
6.42,5.642246,0,0,0,10,0
6.43,5.777304,0,0,0,10,0
6.44,5.91236,0,0,0,10,0
6.45,6.047414,0,0,0,10,0
6.46,6.182467,0,0,0,10,0
6.47,6.317518,0,0,0,10,0
6.48,6.452567,0,0,0,10,0
6.49,6.587614,0,0,0,10,0
6.5,6.722659,0,0,0,10,0
6.51,6.857702,0,0,0,10,0
6.52,6.992744,0,0,0,10,0
6.53,7.127783,0,0,0,10,0
6.54,7.262821,0,0,0,10,0
6.55,7.397857,0,0,0,10,0
6.56,7.532892,0,0,0,10,0
6.57,7.667924,0,0,0,10,0
6.58,7.802955,0,0,0,10,0
6.59,7.937983,0,0,0,10,0
6.6,8.07301,0,0,0,10,0
6.61,8.208036,0,0,0,10,0
6.62,8.343059,0,0,0,10,0
6.63,8.47808,0,0,0,10,0
6.64,8.6131,0,0,0,10,0
6.65,8.748118,0,0,0,10,0
6.66,8.883134,0,0,0,10,0
6.67,9.018148,0,0,0,10,0
6.68,9.15316,0,0,0,10,0
6.69,9.288171,0,0,0,10,0
6.7,9.42318,0,0,0,10,0
6.71,9.558186,0,0,0,10,0
6.72,9.693191,0,0,0,10,0
6.73,9.828195,0,0,0,10,0
6.74,9.963196,0,0,0,10,0
6.75,10.0982,0,0,0,10,0
6.76,10.23319,0,0,0,10,0
6.77,10.36819,0,0,0,10,0
6.78,10.50318,0,0,0,10,0
6.79,10.63818,0,0,0,10,0
6.8,10.77317,0,0,0,10,0
6.81,10.90815,0,0,0,10,0
6.82,11.04314,0,0,0,10,0
6.83,11.17813,0,0,0,10,0
6.84,11.31311,0,0,0,10,0
6.85,11.44809,0,0,0,10,0
6.86,11.58307,0,0,0,10,0
6.87,11.71805,0,0,0,10,0
6.88,11.85302,0,0,0,10,0
6.89,11.988,0,0,0,10,0
6.9,12.12297,0,0,0,10,0
6.91,12.25794,0,0,0,10,0
6.92,12.39291,0,0,0,10,0
6.93,12.52788,0,0,0,10,0
6.94,12.66284,0,0,0,10,0
6.95,12.7978,0,0,0,10,0
6.96,12.93277,0,0,0,10,0
6.97,13.06773,0,0,0,10,0
6.98,13.20268,0,0,0,10,0
6.99,13.33764,0,0,0,10,0
7,13.47259,0,0,0,10,0
7.01,13.60754,0,0,0,10,0
7.02,13.7425,0,0,0,10,0
7.03,13.87744,0,0,0,10,0
7.04,14.01239,0,0,0,10,0
7.05,14.14734,0,0,0,10,0
7.06,14.28228,0,0,0,10,0
7.07,14.41722,0,0,0,10,0
7.08,14.55216,0,0,0,10,0
7.09,14.6871,0,0,0,10,0
7.1,14.82203,0,0,0,10,0
7.11,14.95697,0,0,0,10,0
7.12,15.0919,0,0,0,10,0
7.13,15.22683,0,0,0,10,0
7.14,15.36176,0,0,0,10,0
7.15,15.49668,0,0,0,10,0
7.16,15.63161,0,0,0,10,0
7.17,15.76653,0,0,0,10,0
7.18,15.90145,0,0,0,10,0
7.19,16.03637,0,0,0,10,0
7.2,16.17129,0,0,0,10,0
7.21,16.3062,0,0,0,10,0
7.22,16.44112,0,0,0,10,0
7.23,16.57603,0,0,0,10,0
7.24,16.71094,0,0,0,10,0
7.25,16.84585,0,0,0,10,0
7.26,16.98076,0,0,0,10,0
7.27,17.11566,0,0,0,10,0
7.28,17.25056,0,0,0,10,0
7.29,17.38546,0,0,0,10,0
7.3,17.52036,0,0,0,10,0
7.31,17.65526,0,0,0,10,0
7.32,17.79016,0,0,0,10,0
7.33,17.92505,0,0,0,10,0
7.34,18.05994,0,0,0,10,0
7.35,18.19483,0,0,0,10,0
7.36,18.32972,0,0,0,10,0
7.37,18.46461,0,0,0,10,0
7.38,18.59949,0,0,0,10,0
7.39,18.73438,0,0,0,10,0
7.4,18.86926,0,0,0,10,0
7.41,19.00414,0,0,0,10,0
7.42,19.13901,0,0,0,10,0
7.43,19.27389,0,0,0,10,0
7.44,19.40876,0,0,0,10,0
7.45,19.54363,0,0,0,10,0
7.46,19.6785,0,0,0,10,0
7.47,19.81337,0,0,0,10,0
7.48,19.94824,0,0,0,10,0
7.49,20.0831,0,0,0,10,0
7.5,20.21797,0,0,0,10,0
7.51,20.35283,0,0,0,10,0
7.52,20.48769,0,0,0,10,0
7.53,20.62254,0,0,0,10,0
7.54,20.7574,0,0,0,10,0
7.55,20.89225,0,0,0,10,0
7.56,21.02711,0,0,0,10,0
7.57,21.16196,0,0,0,10,0
7.58,21.2968,0,0,0,10,0
7.59,21.43165,0,0,0,10,0
7.6,21.5665,0,0,0,10,0
7.61,21.70134,0,0,0,10,0
7.62,21.83618,0,0,0,10,0
7.63,21.97102,0,0,0,10,0
7.64,22.10586,0,0,0,10,0
7.65,22.24069,0,0,0,10,0
7.66,22.37552,0,0,0,10,0
7.67,22.51036,0,0,0,10,0
7.68,22.64519,0,0,0,10,0
7.69,22.78001,0,0,0,10,0
7.7,22.91484,0,0,0,10,0
7.71,23.04967,0,0,0,10,0
7.72,23.18449,0,0,0,10,0
7.73,23.31931,0,0,0,10,0
7.74,23.45413,0,0,0,10,0
7.75,23.58895,0,0,0,10,0
7.76,23.72376,0,0,0,10,0
7.77,23.85857,0,0,0,10,0
7.78,23.99339,0,0,0,10,0
7.79,24.1282,0,0,0,10,0
7.8,24.263,0,0,0,10,0
7.81,24.39781,0,0,0,10,0
7.82,24.53262,0,0,0,10,0
7.83,24.66742,0,0,0,10,0
7.84,24.80222,0,0,0,10,0
7.85,24.93702,0,0,0,10,0
7.86,25.07182,0,0,0,10,0
7.87,25.20661,0,0,0,10,0
7.88,25.3414,0,0,0,10,0
7.89,25.4762,0,0,0,10,0
7.9,25.61099,0,0,0,10,0
7.91,25.74577,0,0,0,10,0
7.92,25.88056,0,0,0,10,0
7.93,26.01535,0,0,0,10,0
7.94,26.15013,0,0,0,10,0
7.95,26.28491,0,0,0,10,0
7.96,26.41969,0,0,0,10,0
7.97,26.55446,0,0,0,10,0
7.98,26.68924,0,0,0,10,0
7.99,26.82401,0,0,0,10,0
8,26.95879,0,0,0,10,0
8.01,27.09356,0,0,0,10,0
8.02,27.22832,0,0,0,10,0
8.03,27.36309,0,0,0,10,0
8.04,27.49785,0,0,0,10,0
8.05,27.63262,0,0,0,10,0
8.06,27.76738,0,0,0,10,0
8.07,27.90214,0,0,0,10,0
8.08,28.03689,0,0,0,10,0
8.09,28.17165,0,0,0,10,0
8.1,28.3064,0,0,0,10,0
8.11,28.44115,0,0,0,10,0
8.12,28.5759,0,0,0,10,0
8.13,28.71065,0,0,0,10,0
8.14,28.8454,0,0,0,10,0
8.15,28.98014,0,0,0,10,0
8.16,29.11489,0,0,0,10,0
8.17,29.24963,0,0,0,10,0
8.18,29.38437,0,0,0,10,0
8.19,29.5191,0,0,0,10,0
8.2,29.65384,0,0,0,10,0
8.21,29.78857,0,0,0,10,0
8.22,29.9233,0,0,0,10,0
8.23,30.05803,0,0,0,10,0
8.24,30.19276,0,0,0,10,0
8.25,30.32749,0,0,0,10,0
8.26,30.46221,0,0,0,10,0
8.27,30.59693,0,0,0,10,0
8.28,30.73165,0,0,0,10,0
8.29,30.86637,0,0,0,10,0
8.3,31.00109,0,0,0,10,0
8.31,31.13581,0,0,0,10,0
8.32,31.27052,0,0,0,10,0
8.33,31.40523,0,0,0,10,0
8.34,31.53994,0,0,0,10,0
8.35,31.67465,0,0,0,10,0
8.36,31.80936,0,0,0,10,0
8.37,31.94406,0,0,0,10,0
8.38,32.07876,0,0,0,10,0
8.39,32.21346,0,0,0,10,0
8.4,32.34816,0,0,0,10,0
8.41,32.48286,0,0,0,10,0
8.42,32.61755,0,0,0,10,0
8.43,32.75225,0,0,0,10,0
8.44,32.88694,0,0,0,10,0
8.45,33.02163,0,0,0,10,0
8.46,33.15632,0,0,0,10,0
8.47,33.291,0,0,0,10,0
8.48,33.42569,0,0,0,10,0
8.49,33.56037,0,0,0,10,0
8.5,33.69505,0,0,0,10,0
8.51,33.82973,0,0,0,10,0
8.52,33.96441,0,0,0,10,0
8.53,34.09908,0,0,0,10,0
8.54,34.23376,0,0,0,10,0
8.55,34.36843,0,0,0,10,0
8.56,34.5031,0,0,0,10,0
8.57,34.63776,0,0,0,10,0
8.58,34.77243,0,0,0,10,0
8.59,34.9071,0,0,0,10,0
8.6,35.04176,0,0,0,10,0
8.61,35.17642,0,0,0,10,0
8.62,35.31108,0,0,0,10,0
8.63,35.44573,0,0,0,10,0
8.64,35.58039,0,0,0,10,0
8.65,35.71504,0,0,0,10,0
8.66,35.84969,0,0,0,10,0
8.67,35.98434,0,0,0,10,0
8.68,36.11899,0,0,0,10,0
8.69,36.25364,0,0,0,10,0
8.7,36.38828,0,0,0,10,0
8.71,36.52293,0,0,0,10,0
8.72,36.65757,0,0,0,10,0
8.73,36.7922,0,0,0,10,0
8.74,36.92684,0,0,0,10,0
8.75,37.06148,0,0,0,10,0
8.76,37.19611,0,0,0,10,0
8.77,37.33074,0,0,0,10,0
8.78,37.46537,0,0,0,10,0
8.79,37.6,0,0,0,10,0
8.8,37.73463,0,0,0,10,0
8.81,37.86925,0,0,0,10,0
8.82,38.00387,0,0,0,10,0
8.83,38.13849,0,0,0,10,0
8.84,38.27311,0,0,0,10,0
8.85,38.40773,0,0,0,10,0
8.86,38.54234,0,0,0,10,0
8.87,38.67696,0,0,0,10,0
8.88,38.81157,0,0,0,10,0
8.89,38.94618,0,0,0,10,0
8.9,39.08079,0,0,0,10,0
8.91,39.21539,0,0,0,10,0
8.92,39.35,0,0,0,10,0
8.93,39.4846,0,0,0,10,0
8.94,39.6192,0,0,0,10,0
8.95,39.7538,0,0,0,10,0
8.96,39.8884,0,0,0,10,0
8.97,40.02299,0,0,0,10,0
8.98,40.15758,0,0,0,10,0
8.99,40.29218,0,0,0,10,0
9,40.42677,0,0,0,10,0
9.01,40.56135,0,0,0,10,0
9.02,40.69594,0,0,0,10,0
9.03,40.83052,0,0,0,10,0
9.04,40.96511,0,0,0,10,0
9.05,41.09969,0,0,0,10,0
9.06,41.23427,0,0,0,10,0
9.07,41.36884,0,0,0,10,0
9.08,41.50342,0,0,0,10,0
9.09,41.63799,0,0,0,10,0
9.1,41.77256,0,0,0,10,0
9.11,41.90713,0,0,0,10,0
9.12,42.0417,0,0,0,10,0
9.13,42.17627,0,0,0,10,0
9.14,42.31083,0,0,0,10,0
9.15,42.44539,0,0,0,10,0
9.16,42.57995,0,0,0,10,0
9.17,42.71451,0,0,0,10,0
9.18,42.84907,0,0,0,10,0
9.19,42.98363,0,0,0,10,0
9.2,43.11818,0,0,0,10,0
9.21,43.25273,0,0,0,10,0
9.22,43.38728,0,0,0,10,0
9.23,43.52183,0,0,0,10,0
9.24,43.65637,0,0,0,10,0
9.25,43.79092,0,0,0,10,0
9.26,43.92546,0,0,0,10,0
9.27,44.06,0,0,0,10,0
9.28,44.19454,0,0,0,10,0
9.29,44.32908,0,0,0,10,0
9.3,44.46361,0,0,0,10,0
9.31,44.59815,0,0,0,10,0
9.32,44.73268,0,0,0,10,0
9.33,44.86721,0,0,0,10,0
9.34,45.00174,0,0,0,10,0
9.35,45.13626,0,0,0,10,0
9.36,45.27079,0,0,0,10,0
9.37,45.40531,0,0,0,10,0
9.38,45.53983,0,0,0,10,0
9.39,45.67435,0,0,0,10,0
9.4,45.80886,0,0,0,10,0
9.41,45.94338,0,0,0,10,0
9.42,46.07789,0,0,0,10,0
9.43,46.2124,0,0,0,10,0
9.44,46.34691,0,0,0,10,0
9.45,46.48142,0,0,0,10,0
9.46,46.61593,0,0,0,10,0
9.47,46.75043,0,0,0,10,0
9.48,46.88494,0,0,0,10,0
9.49,47.01944,0,0,0,10,0
9.5,47.15393,0,0,0,10,0
9.51,47.28843,0,0,0,10,0
9.52,47.42293,0,0,0,10,0
9.53,47.55742,0,0,0,10,0
9.54,47.69191,0,0,0,10,0
9.55,47.8264,0,0,0,10,0
9.56,47.96089,0,0,0,10,0
9.57,48.09538,0,0,0,10,0
9.58,48.22986,0,0,0,10,0
9.59,48.36434,0,0,0,10,0
9.6,48.49882,0,0,0,10,0
9.61,48.6333,0,0,0,10,0
9.62,48.76778,0,0,0,10,0
9.63,48.90225,0,0,0,10,0
9.64,49.03673,0,0,0,10,0
9.65,49.1712,0,0,0,10,0
9.66,49.30567,0,0,0,10,0
9.67,49.44014,0,0,0,10,0
9.68,49.5746,0,0,0,10,0
9.69,49.70907,0,0,0,10,0
9.7,49.84353,0,0,0,10,0
9.71,49.97799,0,0,0,10,0
9.72,50.11245,0,0,0,10,0
9.73,50.24691,0,0,0,10,0
9.74,50.38136,0,0,0,10,0
9.75,50.51581,0,0,0,10,0
9.76,50.65027,0,0,0,10,0
9.77,50.78472,0,0,0,10,0
9.78,50.91916,0,0,0,10,0
9.79,51.05361,0,0,0,10,0
9.8,51.18805,0,0,0,10,0
9.81,51.3225,0,0,0,10,0
9.82,51.45694,0,0,0,10,0
9.83,51.59138,0,0,0,10,0
9.84,51.72581,0,0,0,10,0
9.85,51.86025,0,0,0,10,0
9.86,51.99468,0,0,0,10,0
9.87,52.12911,0,0,0,10,0
9.88,52.26354,0,0,0,10,0
9.89,52.39797,0,0,0,10,0
9.9,52.5324,0,0,0,10,0
9.91,52.66682,0,0,0,10,0
9.92,52.80124,0,0,0,10,0
9.93,52.93567,0,0,0,10,0
9.94,53.07008,0,0,0,10,0
9.95,53.2045,0,0,0,10,0
9.96,53.33892,0,0,0,10,0
9.97,53.47333,0,0,0,10,0
9.98,53.60774,0,0,0,10,0
9.99,53.74215,0,0,0,10,0
10,53.87656,0,0,0,10,40000
10.01,53.93582,0,0,0,0,40000
10.02,53.85995,0,0,0,0,40000
10.03,53.78408,0,0,0,0,40000
10.04,53.70821,0,0,0,0,40000
10.05,53.63234,0,0,0,0,40000
10.06,53.55647,0,0,0,0,40000
10.07,53.48061,0,0,0,0,40000
10.08,53.40474,0,0,0,0,40000
10.09,53.32888,0,0,0,0,40000
10.1,53.25301,0,0,0,4.666116e-310,40000
10.11,53.17715,0,0,0,4.666116e-310,40000
10.12,53.10129,0,0,0,4.666116e-310,40000
10.13,53.02543,0,0,0,4.666116e-310,40000
10.14,52.94957,0,0,0,4.666116e-310,40000
10.15,52.87371,0,0,0,4.666116e-310,40000
10.16,52.79785,0,0,0,4.666116e-310,40000
10.17,52.722,0,0,0,4.666116e-310,40000
10.18,52.64614,0,0,0,4.666116e-310,40000
10.19,52.57029,0,0,0,4.666116e-310,40000
10.2,52.49443,0,0,0,4.666116e-310,40000
10.21,52.41858,0,0,0,4.666116e-310,40000
10.22,52.34273,0,0,0,4.666116e-310,40000
10.23,52.26688,0,0,0,4.666116e-310,40000
10.24,52.19103,0,0,0,4.666116e-310,40000
10.25,52.11518,0,0,0,4.666116e-310,40000
10.26,52.03933,0,0,0,4.666116e-310,40000
10.27,51.96349,0,0,0,4.666116e-310,40000
10.28,51.88764,0,0,0,4.666116e-310,40000
10.29,51.8118,0,0,0,4.666116e-310,40000
10.3,51.73595,0,0,0,4.666116e-310,40000
10.31,51.66011,0,0,0,4.666116e-310,40000
10.32,51.58427,0,0,0,4.666116e-310,40000
10.33,51.50843,0,0,0,4.666116e-310,40000
10.34,51.43259,0,0,0,4.666116e-310,40000
10.35,51.35675,0,0,0,4.666116e-310,40000
10.36,51.28092,0,0,0,4.666116e-310,40000
10.37,51.20508,0,0,0,4.666116e-310,40000
10.38,51.12925,0,0,0,4.666116e-310,40000
10.39,51.05341,0,0,0,4.666116e-310,40000
10.4,50.97758,0,0,0,4.666116e-310,40000
10.41,50.90175,0,0,0,4.666116e-310,40000
10.42,50.82592,0,0,0,4.666116e-310,40000
10.43,50.75009,0,0,0,4.666116e-310,40000
10.44,50.67426,0,0,0,4.666116e-310,40000
10.45,50.59843,0,0,0,4.666116e-310,40000
10.46,50.5226,0,0,0,4.666116e-310,40000
10.47,50.44678,0,0,0,4.666116e-310,40000
10.48,50.37095,0,0,0,4.666116e-310,40000
10.49,50.29513,0,0,0,4.666116e-310,40000
10.5,50.21931,0,0,0,4.666116e-310,40000
10.51,50.14349,0,0,0,4.666116e-310,40000
10.52,50.06766,0,0,0,4.666116e-310,40000
10.53,49.99185,0,0,0,4.666116e-310,40000
10.54,49.91603,0,0,0,4.666116e-310,40000
10.55,49.84021,0,0,0,4.666116e-310,40000
10.56,49.76439,0,0,0,4.666116e-310,40000
10.57,49.68858,0,0,0,4.666116e-310,40000
10.58,49.61276,0,0,0,4.666116e-310,40000
10.59,49.53695,0,0,0,4.666116e-310,40000
10.6,49.46114,0,0,0,4.666116e-310,40000
10.61,49.38533,0,0,0,4.666116e-310,40000
10.62,49.30952,0,0,0,4.666116e-310,40000
10.63,49.23371,0,0,0,4.666116e-310,40000
10.64,49.1579,0,0,0,4.666116e-310,40000
10.65,49.08209,0,0,0,4.666116e-310,40000
10.66,49.00628,0,0,0,4.666116e-310,40000
10.67,48.93048,0,0,0,4.666116e-310,40000
10.68,48.85467,0,0,0,4.666116e-310,40000
10.69,48.77887,0,0,0,4.666116e-310,40000
10.7,48.70307,0,0,0,4.666116e-310,40000
10.71,48.62727,0,0,0,4.666116e-310,40000
10.72,48.55147,0,0,0,4.666116e-310,40000
10.73,48.47567,0,0,0,4.666116e-310,40000
10.74,48.39987,0,0,0,4.666116e-310,40000
10.75,48.32407,0,0,0,4.666116e-310,40000
10.76,48.24828,0,0,0,4.666116e-310,40000
10.77,48.17248,0,0,0,4.666116e-310,40000
10.78,48.09669,0,0,0,4.666116e-310,40000
10.79,48.0209,0,0,0,4.666116e-310,40000
10.8,47.9451,0,0,0,4.666116e-310,40000
10.81,47.86931,0,0,0,4.666116e-310,40000
10.82,47.79352,0,0,0,4.666116e-310,40000
10.83,47.71773,0,0,0,4.666116e-310,40000
10.84,47.64195,0,0,0,4.666116e-310,40000
10.85,47.56616,0,0,0,4.666116e-310,40000
10.86,47.49037,0,0,0,4.666116e-310,40000
10.87,47.41459,0,0,0,4.666116e-310,40000
10.88,47.33881,0,0,0,4.666116e-310,40000
10.89,47.26302,0,0,0,4.666116e-310,40000
10.9,47.18724,0,0,0,4.666116e-310,40000
10.91,47.11146,0,0,0,4.666116e-310,40000
10.92,47.03568,0,0,0,4.666116e-310,40000
10.93,46.9599,0,0,0,4.666116e-310,40000
10.94,46.88412,0,0,0,4.666116e-310,40000
10.95,46.80835,0,0,0,4.666116e-310,40000
10.96,46.73257,0,0,0,4.666116e-310,40000
10.97,46.6568,0,0,0,4.666116e-310,40000
10.98,46.58102,0,0,0,4.666116e-310,40000
10.99,46.50525,0,0,0,4.666116e-310,40000
11,46.42948,0,0,0,4.666116e-310,40000
11.01,46.35371,0,0,0,4.666116e-310,40000
11.02,46.27794,0,0,0,4.666116e-310,40000
11.03,46.20217,0,0,0,4.666116e-310,40000
11.04,46.12641,0,0,0,4.666116e-310,40000
11.05,46.05064,0,0,0,4.666116e-310,40000
11.06,45.97487,0,0,0,4.666116e-310,40000
11.07,45.89911,0,0,0,4.666116e-310,40000
11.08,45.82335,0,0,0,4.666116e-310,40000
11.09,45.74758,0,0,0,4.666116e-310,40000
11.1,45.67182,0,0,0,4.666116e-310,40000
11.11,45.59606,0,0,0,4.666116e-310,40000
11.12,45.5203,0,0,0,4.666116e-310,40000
11.13,45.44455,0,0,0,4.666116e-310,40000
11.14,45.36879,0,0,0,4.666116e-310,40000
11.15,45.29303,0,0,0,4.666116e-310,40000
11.16,45.21728,0,0,0,4.666116e-310,40000
11.17,45.14152,0,0,0,4.666116e-310,40000
11.18,45.06577,0,0,0,4.666116e-310,40000
11.19,44.99002,0,0,0,4.666116e-310,40000
11.2,44.91427,0,0,0,4.666116e-310,40000
11.21,44.83852,0,0,0,4.666116e-310,40000
11.22,44.76277,0,0,0,4.666116e-310,40000
11.23,44.68702,0,0,0,4.666116e-310,40000
11.24,44.61127,0,0,0,4.666116e-310,40000
11.25,44.53553,0,0,0,4.666116e-310,40000
11.26,44.45978,0,0,0,4.666116e-310,40000
11.27,44.38404,0,0,0,4.666116e-310,40000
11.28,44.3083,0,0,0,4.666116e-310,40000
11.29,44.23255,0,0,0,4.666116e-310,40000
11.3,44.15681,0,0,0,4.666116e-310,40000
11.31,44.08107,0,0,0,4.666116e-310,40000
11.32,44.00534,0,0,0,4.666116e-310,40000
11.33,43.9296,0,0,0,4.666116e-310,40000
11.34,43.85386,0,0,0,4.666116e-310,40000
11.35,43.77813,0,0,0,4.666116e-310,40000
11.36,43.70239,0,0,0,4.666116e-310,40000
11.37,43.62666,0,0,0,4.666116e-310,40000
11.38,43.55092,0,0,0,4.666116e-310,40000
11.39,43.47519,0,0,0,4.666116e-310,40000
11.4,43.39946,0,0,0,4.666116e-310,40000
11.41,43.32373,0,0,0,4.666116e-310,40000
11.42,43.248,0,0,0,4.666116e-310,40000
11.43,43.17228,0,0,0,4.666116e-310,40000
11.44,43.09655,0,0,0,4.666116e-310,40000
11.45,43.02083,0,0,0,4.666116e-310,40000
11.46,42.9451,0,0,0,4.666116e-310,40000
11.47,42.86938,0,0,0,4.666116e-310,40000
11.48,42.79366,0,0,0,4.666116e-310,40000
11.49,42.71793,0,0,0,4.666116e-310,40000
11.5,42.64221,0,0,0,4.666116e-310,40000
11.51,42.56649,0,0,0,4.666116e-310,40000
11.52,42.49078,0,0,0,4.666116e-310,40000
11.53,42.41506,0,0,0,4.666116e-310,40000
11.54,42.33934,0,0,0,4.666116e-310,40000
11.55,42.26363,0,0,0,4.666116e-310,40000
11.56,42.18791,0,0,0,4.666116e-310,40000
11.57,42.1122,0,0,0,4.666116e-310,40000
11.58,42.03649,0,0,0,4.666116e-310,40000
11.59,41.96078,0,0,0,4.666116e-310,40000
11.6,41.88507,0,0,0,4.666116e-310,40000
11.61,41.80936,0,0,0,4.666116e-310,40000
11.62,41.73365,0,0,0,4.666116e-310,40000
11.63,41.65794,0,0,0,4.666116e-310,40000
11.64,41.58224,0,0,0,4.666116e-310,40000
11.65,41.50653,0,0,0,4.666116e-310,40000
11.66,41.43083,0,0,0,4.666116e-310,40000
11.67,41.35513,0,0,0,4.666116e-310,40000
11.68,41.27942,0,0,0,4.666116e-310,40000
11.69,41.20372,0,0,0,4.666116e-310,40000
11.7,41.12802,0,0,0,4.666116e-310,40000
11.71,41.05233,0,0,0,4.666116e-310,40000
11.72,40.97663,0,0,0,4.666116e-310,40000
11.73,40.90093,0,0,0,4.666116e-310,40000
11.74,40.82523,0,0,0,4.666116e-310,40000
11.75,40.74954,0,0,0,4.666116e-310,40000
11.76,40.67385,0,0,0,4.666116e-310,40000
11.77,40.59815,0,0,0,4.666116e-310,40000
11.78,40.52246,0,0,0,4.666116e-310,40000
11.79,40.44677,0,0,0,4.666116e-310,40000
11.8,40.37108,0,0,0,4.666116e-310,40000
11.81,40.29539,0,0,0,4.666116e-310,40000
11.82,40.21971,0,0,0,4.666116e-310,40000
11.83,40.14402,0,0,0,4.666116e-310,40000
11.84,40.06833,0,0,0,4.666116e-310,40000
11.85,39.99265,0,0,0,4.666116e-310,40000
11.86,39.91697,0,0,0,4.666116e-310,40000
11.87,39.84128,0,0,0,4.666116e-310,40000
11.88,39.7656,0,0,0,4.666116e-310,40000
11.89,39.68992,0,0,0,4.666116e-310,40000
11.9,39.61424,0,0,0,4.666116e-310,40000
11.91,39.53856,0,0,0,4.666116e-310,40000
11.92,39.46289,0,0,0,4.666116e-310,40000
11.93,39.38721,0,0,0,4.666116e-310,40000
11.94,39.31154,0,0,0,4.666116e-310,40000
11.95,39.23586,0,0,0,4.666116e-310,40000
11.96,39.16019,0,0,0,4.666116e-310,40000
11.97,39.08452,0,0,0,4.666116e-310,40000
11.98,39.00884,0,0,0,4.666116e-310,40000
11.99,38.93317,0,0,0,4.666116e-310,40000
12,38.85751,0,0,0,4.666116e-310,40000
12.01,38.78184,0,0,0,4.666116e-310,0
12.02,38.78131,0,0,0,4.666116e-310,0
12.03,38.78079,0,0,0,4.666116e-310,0
12.04,38.78027,0,0,0,4.666116e-310,0
12.05,38.77974,0,0,0,4.666116e-310,0
12.06,38.77922,0,0,0,4.666116e-310,0
12.07,38.77869,0,0,0,4.666116e-310,0
12.08,38.77817,0,0,0,4.666116e-310,0
12.09,38.77765,0,0,0,4.666116e-310,0
12.1,38.77712,0,0,0,4.666116e-310,0
12.11,38.7766,0,0,0,4.666116e-310,0
12.12,38.77607,0,0,0,4.666116e-310,0
12.13,38.77555,0,0,0,4.666116e-310,0
12.14,38.77503,0,0,0,4.666116e-310,0
12.15,38.7745,0,0,0,4.666116e-310,0
12.16,38.77398,0,0,0,4.666116e-310,0
12.17,38.77345,0,0,0,4.666116e-310,0
12.18,38.77293,0,0,0,4.666116e-310,0
12.19,38.77241,0,0,0,4.666116e-310,0
12.2,38.77188,0,0,0,4.666116e-310,0
12.21,38.77136,0,0,0,4.666116e-310,0
12.22,38.77083,0,0,0,4.666116e-310,0
12.23,38.77031,0,0,0,4.666116e-310,0
12.24,38.76979,0,0,0,4.666116e-310,0
12.25,38.76926,0,0,0,4.666116e-310,0
12.26,38.76874,0,0,0,4.666116e-310,0
12.27,38.76821,0,0,0,4.666116e-310,0
12.28,38.76769,0,0,0,4.666116e-310,0
12.29,38.76717,0,0,0,4.666116e-310,0
12.3,38.76664,0,0,0,4.666116e-310,0
12.31,38.76612,0,0,0,4.666116e-310,0
12.32,38.76559,0,0,0,4.666116e-310,0
12.33,38.76507,0,0,0,4.666116e-310,0
12.34,38.76455,0,0,0,4.666116e-310,0
12.35,38.76402,0,0,0,4.666116e-310,0
12.36,38.7635,0,0,0,4.666116e-310,0
12.37,38.76298,0,0,0,4.666116e-310,0
12.38,38.76245,0,0,0,4.666116e-310,0
12.39,38.76193,0,0,0,4.666116e-310,0
12.4,38.7614,0,0,0,4.666116e-310,0
12.41,38.76088,0,0,0,4.666116e-310,0
12.42,38.76036,0,0,0,4.666116e-310,0
12.43,38.75983,0,0,0,4.666116e-310,0
12.44,38.75931,0,0,0,4.666116e-310,0
12.45,38.75878,0,0,0,4.666116e-310,0
12.46,38.75826,0,0,0,4.666116e-310,0
12.47,38.75774,0,0,0,4.666116e-310,0
12.48,38.75721,0,0,0,4.666116e-310,0
12.49,38.75669,0,0,0,4.666116e-310,0
12.5,38.75617,0,0,0,4.666116e-310,0
12.51,38.75564,0,0,0,4.666116e-310,0
12.52,38.75512,0,0,0,4.666116e-310,0
12.53,38.75459,0,0,0,4.666116e-310,0
12.54,38.75407,0,0,0,4.666116e-310,0
12.55,38.75355,0,0,0,4.666116e-310,0
12.56,38.75302,0,0,0,4.666116e-310,0
12.57,38.7525,0,0,0,4.666116e-310,0
12.58,38.75198,0,0,0,4.666116e-310,0
12.59,38.75145,0,0,0,4.666116e-310,0
12.6,38.75093,0,0,0,4.666116e-310,0
12.61,38.75041,0,0,0,4.666116e-310,0
12.62,38.74988,0,0,0,4.666116e-310,0
12.63,38.74936,0,0,0,4.666116e-310,0
12.64,38.74883,0,0,0,4.666116e-310,0
12.65,38.74831,0,0,0,4.666116e-310,0
12.66,38.74779,0,0,0,4.666116e-310,0
12.67,38.74726,0,0,0,4.666116e-310,0
12.68,38.74674,0,0,0,4.666116e-310,0
12.69,38.74622,0,0,0,4.666116e-310,0
12.7,38.74569,0,0,0,4.666116e-310,0
12.71,38.74517,0,0,0,4.666116e-310,0
12.72,38.74465,0,0,0,4.666116e-310,0
12.73,38.74412,0,0,0,4.666116e-310,0
12.74,38.7436,0,0,0,4.666116e-310,0
12.75,38.74307,0,0,0,4.666116e-310,0
12.76,38.74255,0,0,0,4.666116e-310,0
12.77,38.74203,0,0,0,4.666116e-310,0
12.78,38.7415,0,0,0,4.666116e-310,0
12.79,38.74098,0,0,0,4.666116e-310,0
12.8,38.74046,0,0,0,4.666116e-310,0
12.81,38.73993,0,0,0,4.666116e-310,0
12.82,38.73941,0,0,0,4.666116e-310,0
12.83,38.73889,0,0,0,4.666116e-310,0
12.84,38.73836,0,0,0,4.666116e-310,0
12.85,38.73784,0,0,0,4.666116e-310,0
12.86,38.73732,0,0,0,4.666116e-310,0
12.87,38.73679,0,0,0,4.666116e-310,0
12.88,38.73627,0,0,0,4.666116e-310,0
12.89,38.73575,0,0,0,4.666116e-310,0
12.9,38.73522,0,0,0,4.666116e-310,0
12.91,38.7347,0,0,0,4.666116e-310,0
12.92,38.73418,0,0,0,4.666116e-310,0
12.93,38.73365,0,0,0,4.666116e-310,0
12.94,38.73313,0,0,0,4.666116e-310,0
12.95,38.73261,0,0,0,4.666116e-310,0
12.96,38.73208,0,0,0,4.666116e-310,0
12.97,38.73156,0,0,0,4.666116e-310,0
12.98,38.73104,0,0,0,4.666116e-310,0
12.99,38.73051,0,0,0,4.666116e-310,0
13,38.72999,0,0,0,4.666116e-310,0
13.01,38.72946,0,0,0,4.666116e-310,0
13.02,38.72894,0,0,0,4.666116e-310,0
13.03,38.72842,0,0,0,4.666116e-310,0
13.04,38.72789,0,0,0,4.666116e-310,0
13.05,38.72737,0,0,0,4.666116e-310,0
13.06,38.72685,0,0,0,4.666116e-310,0
13.07,38.72632,0,0,0,4.666116e-310,0
13.08,38.7258,0,0,0,4.666116e-310,0
13.09,38.72528,0,0,0,4.666116e-310,0
13.1,38.72475,0,0,0,4.666116e-310,0
13.11,38.72423,0,0,0,4.666116e-310,0
13.12,38.72371,0,0,0,4.666116e-310,0
13.13,38.72319,0,0,0,4.666116e-310,0
13.14,38.72266,0,0,0,4.666116e-310,0
13.15,38.72214,0,0,0,4.666116e-310,0
13.16,38.72162,0,0,0,4.666116e-310,0
13.17,38.72109,0,0,0,4.666116e-310,0
13.18,38.72057,0,0,0,4.666116e-310,0
13.19,38.72005,0,0,0,4.666116e-310,0
13.2,38.71952,0,0,0,4.666116e-310,0
13.21,38.719,0,0,0,4.666116e-310,0
13.22,38.71848,0,0,0,4.666116e-310,0
13.23,38.71795,0,0,0,4.666116e-310,0
13.24,38.71743,0,0,0,4.666116e-310,0
13.25,38.71691,0,0,0,4.666116e-310,0
13.26,38.71638,0,0,0,4.666116e-310,0
13.27,38.71586,0,0,0,4.666116e-310,0
13.28,38.71534,0,0,0,4.666116e-310,0
13.29,38.71481,0,0,0,4.666116e-310,0
13.3,38.71429,0,0,0,4.666116e-310,0
13.31,38.71377,0,0,0,4.666116e-310,0
13.32,38.71324,0,0,0,4.666116e-310,0
13.33,38.71272,0,0,0,4.666116e-310,0
13.34,38.7122,0,0,0,4.666116e-310,0
13.35,38.71167,0,0,0,4.666116e-310,0
13.36,38.71115,0,0,0,4.666116e-310,0
13.37,38.71063,0,0,0,4.666116e-310,0
13.38,38.71011,0,0,0,4.666116e-310,0
13.39,38.70958,0,0,0,4.666116e-310,0
13.4,38.70906,0,0,0,4.666116e-310,0
13.41,38.70854,0,0,0,4.666116e-310,0
13.42,38.70801,0,0,0,4.666116e-310,0
13.43,38.70749,0,0,0,4.666116e-310,0
13.44,38.70697,0,0,0,4.666116e-310,0
13.45,38.70644,0,0,0,4.666116e-310,0
13.46,38.70592,0,0,0,4.666116e-310,0
13.47,38.7054,0,0,0,4.666116e-310,0
13.48,38.70487,0,0,0,4.666116e-310,0
13.49,38.70435,0,0,0,4.666116e-310,0
13.5,38.70383,0,0,0,4.666116e-310,0
13.51,38.70331,0,0,0,4.666116e-310,0
13.52,38.70278,0,0,0,4.666116e-310,0
13.53,38.70226,0,0,0,4.666116e-310,0
13.54,38.70174,0,0,0,4.666116e-310,0
13.55,38.70121,0,0,0,4.666116e-310,0
13.56,38.70069,0,0,0,4.666116e-310,0
13.57,38.70017,0,0,0,4.666116e-310,0
13.58,38.69964,0,0,0,4.666116e-310,0
13.59,38.69912,0,0,0,4.666116e-310,0
13.6,38.6986,0,0,0,4.666116e-310,0
13.61,38.69808,0,0,0,4.666116e-310,0
13.62,38.69755,0,0,0,4.666116e-310,0
13.63,38.69703,0,0,0,4.666116e-310,0
13.64,38.69651,0,0,0,4.666116e-310,0
13.65,38.69598,0,0,0,4.666116e-310,0
13.66,38.69546,0,0,0,4.666116e-310,0
13.67,38.69494,0,0,0,4.666116e-310,0
13.68,38.69441,0,0,0,4.666116e-310,0
13.69,38.69389,0,0,0,4.666116e-310,0
13.7,38.69337,0,0,0,4.666116e-310,0
13.71,38.69285,0,0,0,4.666116e-310,0
13.72,38.69232,0,0,0,4.666116e-310,0
13.73,38.6918,0,0,0,4.666116e-310,0
13.74,38.69128,0,0,0,4.666116e-310,0
13.75,38.69075,0,0,0,4.666116e-310,0
13.76,38.69023,0,0,0,4.666116e-310,0
13.77,38.68971,0,0,0,4.666116e-310,0
13.78,38.68919,0,0,0,4.666116e-310,0
13.79,38.68866,0,0,0,4.666116e-310,0
13.8,38.68814,0,0,0,4.666116e-310,0
13.81,38.68762,0,0,0,4.666116e-310,0
13.82,38.6871,0,0,0,4.666116e-310,0
13.83,38.68657,0,0,0,4.666116e-310,0
13.84,38.68605,0,0,0,4.666116e-310,0
13.85,38.68553,0,0,0,4.666116e-310,0
13.86,38.685,0,0,0,4.666116e-310,0
13.87,38.68448,0,0,0,4.666116e-310,0
13.88,38.68396,0,0,0,4.666116e-310,0
13.89,38.68344,0,0,0,4.666116e-310,0
13.9,38.68291,0,0,0,4.666116e-310,0
13.91,38.68239,0,0,0,4.666116e-310,0
13.92,38.68187,0,0,0,4.666116e-310,0
13.93,38.68134,0,0,0,4.666116e-310,0
13.94,38.68082,0,0,0,4.666116e-310,0
13.95,38.6803,0,0,0,4.666116e-310,0
13.96,38.67978,0,0,0,4.666116e-310,0
13.97,38.67925,0,0,0,4.666116e-310,0
13.98,38.67873,0,0,0,4.666116e-310,0
13.99,38.67821,0,0,0,4.666116e-310,0
14,38.67769,0,0,0,4.666116e-310,15000
14.01,38.64898,0,0,0,4.666116e-310,15000
14.02,38.62028,0,0,0,4.666116e-310,15000
14.03,38.59158,0,0,0,4.666116e-310,15000
14.04,38.56288,0,0,0,4.666116e-310,15000
14.05,38.53418,0,0,0,4.666116e-310,15000
14.06,38.50548,0,0,0,4.666116e-310,15000
14.07,38.47678,0,0,0,4.666116e-310,15000
14.08,38.44809,0,0,0,4.666116e-310,15000
14.09,38.41939,0,0,0,4.666116e-310,15000
14.1,38.39069,0,0,0,4.666116e-310,15000
14.11,38.36199,0,0,0,4.666116e-310,15000
14.12,38.3333,0,0,0,4.666116e-310,15000
14.13,38.3046,0,0,0,4.666116e-310,15000
14.14,38.2759,0,0,0,4.666116e-310,15000
14.15,38.24721,0,0,0,4.666116e-310,15000
14.16,38.21851,0,0,0,4.666116e-310,15000
14.17,38.18982,0,0,0,4.666116e-310,15000
14.18,38.16112,0,0,0,4.666116e-310,15000
14.19,38.13243,0,0,0,4.666116e-310,15000
14.2,38.10373,0,0,0,4.666116e-310,15000
14.21,38.07504,0,0,0,4.666116e-310,15000
14.22,38.04635,0,0,0,4.666116e-310,15000
14.23,38.01765,0,0,0,4.666116e-310,15000
14.24,37.98896,0,0,0,4.666116e-310,15000
14.25,37.96027,0,0,0,4.666116e-310,15000
14.26,37.93158,0,0,0,4.666116e-310,15000
14.27,37.90289,0,0,0,4.666116e-310,15000
14.28,37.8742,0,0,0,4.666116e-310,15000
14.29,37.84551,0,0,0,4.666116e-310,15000
14.3,37.81682,0,0,0,4.666116e-310,15000
14.31,37.78813,0,0,0,4.666116e-310,15000
14.32,37.75944,0,0,0,4.666116e-310,15000
14.33,37.73075,0,0,0,4.666116e-310,15000
14.34,37.70206,0,0,0,4.666116e-310,15000
14.35,37.67337,0,0,0,4.666116e-310,15000
14.36,37.64468,0,0,0,4.666116e-310,15000
14.37,37.616,0,0,0,4.666116e-310,15000
14.38,37.58731,0,0,0,4.666116e-310,15000
14.39,37.55862,0,0,0,4.666116e-310,15000
14.4,37.52994,0,0,0,4.666116e-310,15000
14.41,37.50125,0,0,0,4.666116e-310,15000
14.42,37.47257,0,0,0,4.666116e-310,15000
14.43,37.44388,0,0,0,4.666116e-310,15000
14.44,37.4152,0,0,0,4.666116e-310,15000
14.45,37.38651,0,0,0,4.666116e-310,15000
14.46,37.35783,0,0,0,4.666116e-310,15000
14.47,37.32914,0,0,0,4.666116e-310,15000
14.48,37.30046,0,0,0,4.666116e-310,15000
14.49,37.27178,0,0,0,4.666116e-310,15000
14.5,37.2431,0,0,0,4.666116e-310,15000
14.51,37.21441,0,0,0,4.666116e-310,15000
14.52,37.18573,0,0,0,4.666116e-310,15000
14.53,37.15705,0,0,0,4.666116e-310,15000
14.54,37.12837,0,0,0,4.666116e-310,15000
14.55,37.09969,0,0,0,4.666116e-310,15000
14.56,37.07101,0,0,0,4.666116e-310,15000
14.57,37.04233,0,0,0,4.666116e-310,15000
14.58,37.01365,0,0,0,4.666116e-310,15000
14.59,36.98497,0,0,0,4.666116e-310,15000
14.6,36.95629,0,0,0,4.666116e-310,15000
14.61,36.92762,0,0,0,4.666116e-310,15000
14.62,36.89894,0,0,0,4.666116e-310,15000
14.63,36.87026,0,0,0,4.666116e-310,15000
14.64,36.84158,0,0,0,4.666116e-310,15000
14.65,36.81291,0,0,0,4.666116e-310,15000
14.66,36.78423,0,0,0,4.666116e-310,15000
14.67,36.75556,0,0,0,4.666116e-310,15000
14.68,36.72688,0,0,0,4.666116e-310,15000
14.69,36.69821,0,0,0,4.666116e-310,15000
14.7,36.66953,0,0,0,4.666116e-310,15000
14.71,36.64086,0,0,0,4.666116e-310,15000
14.72,36.61218,0,0,0,4.666116e-310,15000
14.73,36.58351,0,0,0,4.666116e-310,15000
14.74,36.55484,0,0,0,4.666116e-310,15000
14.75,36.52617,0,0,0,4.666116e-310,15000
14.76,36.49749,0,0,0,4.666116e-310,15000
14.77,36.46882,0,0,0,4.666116e-310,15000
14.78,36.44015,0,0,0,4.666116e-310,15000
14.79,36.41148,0,0,0,4.666116e-310,15000
14.8,36.38281,0,0,0,4.666116e-310,15000
14.81,36.35414,0,0,0,4.666116e-310,15000
14.82,36.32547,0,0,0,4.666116e-310,15000
14.83,36.2968,0,0,0,4.666116e-310,15000
14.84,36.26813,0,0,0,4.666116e-310,15000
14.85,36.23946,0,0,0,4.666116e-310,15000
14.86,36.21079,0,0,0,4.666116e-310,15000
14.87,36.18212,0,0,0,4.666116e-310,15000
14.88,36.15346,0,0,0,4.666116e-310,15000
14.89,36.12479,0,0,0,4.666116e-310,15000
14.9,36.09612,0,0,0,4.666116e-310,15000
14.91,36.06746,0,0,0,4.666116e-310,15000
14.92,36.03879,0,0,0,4.666116e-310,15000
14.93,36.01012,0,0,0,4.666116e-310,15000
14.94,35.98146,0,0,0,4.666116e-310,15000
14.95,35.95279,0,0,0,4.666116e-310,15000
14.96,35.92413,0,0,0,4.666116e-310,15000
14.97,35.89547,0,0,0,4.666116e-310,15000
14.98,35.8668,0,0,0,4.666116e-310,15000
14.99,35.83814,0,0,0,4.666116e-310,15000
15,35.80948,0,0,0,4.666116e-310,15000
15.01,35.78081,0,0,0,4.666116e-310,15000
15.02,35.75215,0,0,0,4.666116e-310,15000
15.03,35.72349,0,0,0,4.666116e-310,15000
15.04,35.69483,0,0,0,4.666116e-310,15000
15.05,35.66617,0,0,0,4.666116e-310,15000
15.06,35.63751,0,0,0,4.666116e-310,15000
15.07,35.60885,0,0,0,4.666116e-310,15000
15.08,35.58019,0,0,0,4.666116e-310,15000
15.09,35.55153,0,0,0,4.666116e-310,15000
15.1,35.52287,0,0,0,4.666116e-310,15000
15.11,35.49421,0,0,0,4.666116e-310,15000
15.12,35.46555,0,0,0,4.666116e-310,15000
15.13,35.43689,0,0,0,4.666116e-310,15000
15.14,35.40824,0,0,0,4.666116e-310,15000
15.15,35.37958,0,0,0,4.666116e-310,15000
15.16,35.35092,0,0,0,4.666116e-310,15000
15.17,35.32227,0,0,0,4.666116e-310,15000
15.18,35.29361,0,0,0,4.666116e-310,15000
15.19,35.26495,0,0,0,4.666116e-310,15000
15.2,35.2363,0,0,0,4.666116e-310,15000
15.21,35.20764,0,0,0,4.666116e-310,15000
15.22,35.17899,0,0,0,4.666116e-310,15000
15.23,35.15034,0,0,0,4.666116e-310,15000
15.24,35.12168,0,0,0,4.666116e-310,15000
15.25,35.09303,0,0,0,4.666116e-310,15000
15.26,35.06438,0,0,0,4.666116e-310,15000
15.27,35.03572,0,0,0,4.666116e-310,15000
15.28,35.00707,0,0,0,4.666116e-310,15000
15.29,34.97842,0,0,0,4.666116e-310,15000
15.3,34.94977,0,0,0,4.666116e-310,15000
15.31,34.92112,0,0,0,4.666116e-310,15000
15.32,34.89247,0,0,0,4.666116e-310,15000
15.33,34.86382,0,0,0,4.666116e-310,15000
15.34,34.83517,0,0,0,4.666116e-310,15000
15.35,34.80652,0,0,0,4.666116e-310,15000
15.36,34.77787,0,0,0,4.666116e-310,15000
15.37,34.74922,0,0,0,4.666116e-310,15000
15.38,34.72057,0,0,0,4.666116e-310,15000
15.39,34.69192,0,0,0,4.666116e-310,15000
15.4,34.66328,0,0,0,4.666116e-310,15000
15.41,34.63463,0,0,0,4.666116e-310,15000
15.42,34.60598,0,0,0,4.666116e-310,15000
15.43,34.57734,0,0,0,4.666116e-310,15000
15.44,34.54869,0,0,0,4.666116e-310,15000
15.45,34.52005,0,0,0,4.666116e-310,15000
15.46,34.4914,0,0,0,4.666116e-310,15000
15.47,34.46276,0,0,0,4.666116e-310,15000
15.48,34.43411,0,0,0,4.666116e-310,15000
15.49,34.40547,0,0,0,4.666116e-310,15000
15.5,34.37682,0,0,0,4.666116e-310,15000
15.51,34.34818,0,0,0,4.666116e-310,15000
15.52,34.31954,0,0,0,4.666116e-310,15000
15.53,34.2909,0,0,0,4.666116e-310,15000
15.54,34.26225,0,0,0,4.666116e-310,15000
15.55,34.23361,0,0,0,4.666116e-310,15000
15.56,34.20497,0,0,0,4.666116e-310,15000
15.57,34.17633,0,0,0,4.666116e-310,15000
15.58,34.14769,0,0,0,4.666116e-310,15000
15.59,34.11905,0,0,0,4.666116e-310,15000
15.6,34.09041,0,0,0,4.666116e-310,15000
15.61,34.06177,0,0,0,4.666116e-310,15000
15.62,34.03313,0,0,0,4.666116e-310,15000
15.63,34.00449,0,0,0,4.666116e-310,15000
15.64,33.97585,0,0,0,4.666116e-310,15000
15.65,33.94722,0,0,0,4.666116e-310,15000
15.66,33.91858,0,0,0,4.666116e-310,15000
15.67,33.88994,0,0,0,4.666116e-310,15000
15.68,33.86131,0,0,0,4.666116e-310,15000
15.69,33.83267,0,0,0,4.666116e-310,15000
15.7,33.80403,0,0,0,4.666116e-310,15000
15.71,33.7754,0,0,0,4.666116e-310,15000
15.72,33.74676,0,0,0,4.666116e-310,15000
15.73,33.71813,0,0,0,4.666116e-310,15000
15.74,33.68949,0,0,0,4.666116e-310,15000
15.75,33.66086,0,0,0,4.666116e-310,15000
15.76,33.63223,0,0,0,4.666116e-310,15000
15.77,33.60359,0,0,0,4.666116e-310,15000
15.78,33.57496,0,0,0,4.666116e-310,15000
15.79,33.54633,0,0,0,4.666116e-310,15000
15.8,33.5177,0,0,0,4.666116e-310,15000
15.81,33.48907,0,0,0,4.666116e-310,15000
15.82,33.46043,0,0,0,4.666116e-310,15000
15.83,33.4318,0,0,0,4.666116e-310,15000
15.84,33.40317,0,0,0,4.666116e-310,15000
15.85,33.37454,0,0,0,4.666116e-310,15000
15.86,33.34591,0,0,0,4.666116e-310,15000
15.87,33.31728,0,0,0,4.666116e-310,15000
15.88,33.28866,0,0,0,4.666116e-310,15000
15.89,33.26003,0,0,0,4.666116e-310,15000
15.9,33.2314,0,0,0,4.666116e-310,15000
15.91,33.20277,0,0,0,4.666116e-310,15000
15.92,33.17414,0,0,0,4.666116e-310,15000
15.93,33.14552,0,0,0,4.666116e-310,15000
15.94,33.11689,0,0,0,4.666116e-310,15000
15.95,33.08826,0,0,0,4.666116e-310,15000
15.96,33.05964,0,0,0,4.666116e-310,15000
15.97,33.03101,0,0,0,4.666116e-310,15000
15.98,33.00239,0,0,0,4.666116e-310,15000
15.99,32.97376,0,0,0,4.666116e-310,15000
16,32.94514,0,0,0,4.666116e-310,15000
16.01,32.91652,0,0,0,4.666116e-310,0
16.02,32.91607,0,0,0,4.666116e-310,0
16.03,32.91563,0,0,0,4.666116e-310,4.666116e-310
16.04,32.91518,0,0,0,4.666116e-310,4.666116e-310
16.05,32.91474,0,0,0,4.666116e-310,4.666116e-310
16.06,32.91429,0,0,0,4.666116e-310,4.666116e-310
16.07,32.91385,0,0,0,4.666116e-310,4.666116e-310
16.08,32.9134,0,0,0,4.666116e-310,4.666116e-310
16.09,32.91296,0,0,0,4.666116e-310,4.666116e-310
16.1,32.91251,0,0,0,4.666116e-310,4.666116e-310
16.11,32.91207,0,0,0,4.666116e-310,4.666116e-310
16.12,32.91162,0,0,0,4.666116e-310,4.666116e-310
16.13,32.91118,0,0,0,4.666116e-310,4.666116e-310
16.14,32.91073,0,0,0,4.666116e-310,4.666116e-310
16.15,32.91029,0,0,0,4.666116e-310,4.666116e-310
16.16,32.90984,0,0,0,4.666116e-310,4.666116e-310
16.17,32.9094,0,0,0,4.666116e-310,4.666116e-310
16.18,32.90895,0,0,0,4.666116e-310,4.666116e-310
16.19,32.90851,0,0,0,4.666116e-310,4.666116e-310
16.2,32.90806,0,0,0,4.666116e-310,4.666116e-310
16.21,32.90762,0,0,0,4.666116e-310,4.666116e-310
16.22,32.90718,0,0,0,4.666116e-310,4.666116e-310
16.23,32.90673,0,0,0,4.666116e-310,4.666116e-310
16.24,32.90629,0,0,0,4.666116e-310,4.666116e-310
16.25,32.90584,0,0,0,4.666116e-310,4.666116e-310
16.26,32.9054,0,0,0,4.666116e-310,4.666116e-310
16.27,32.90495,0,0,0,4.666116e-310,4.666116e-310
16.28,32.90451,0,0,0,4.666116e-310,4.666116e-310
16.29,32.90406,0,0,0,4.666116e-310,4.666116e-310
16.3,32.90362,0,0,0,4.666116e-310,4.666116e-310
16.31,32.90317,0,0,0,4.666116e-310,4.666116e-310
16.32,32.90273,0,0,0,4.666116e-310,4.666116e-310
16.33,32.90228,0,0,0,4.666116e-310,4.666116e-310
16.34,32.90184,0,0,0,4.666116e-310,4.666116e-310
16.35,32.9014,0,0,0,4.666116e-310,4.666116e-310
16.36,32.90095,0,0,0,4.666116e-310,4.666116e-310
16.37,32.90051,0,0,0,4.666116e-310,4.666116e-310
16.38,32.90006,0,0,0,4.666116e-310,4.666116e-310
16.39,32.89962,0,0,0,4.666116e-310,4.666116e-310
16.4,32.89917,0,0,0,4.666116e-310,4.666116e-310
16.41,32.89873,0,0,0,4.666116e-310,4.666116e-310
16.42,32.89828,0,0,0,4.666116e-310,4.666116e-310
16.43,32.89784,0,0,0,4.666116e-310,4.666116e-310
16.44,32.89739,0,0,0,4.666116e-310,4.666116e-310
16.45,32.89695,0,0,0,4.666116e-310,4.666116e-310
16.46,32.8965,0,0,0,4.666116e-310,4.666116e-310
16.47,32.89606,0,0,0,4.666116e-310,4.666116e-310
16.48,32.89562,0,0,0,4.666116e-310,4.666116e-310
16.49,32.89517,0,0,0,4.666116e-310,4.666116e-310
16.5,32.89473,0,0,0,4.666116e-310,4.666116e-310
16.51,32.89428,0,0,0,4.666116e-310,4.666116e-310
16.52,32.89384,0,0,0,4.666116e-310,4.666116e-310
16.53,32.89339,0,0,0,4.666116e-310,4.666116e-310
16.54,32.89295,0,0,0,4.666116e-310,4.666116e-310
16.55,32.8925,0,0,0,4.666116e-310,4.666116e-310
16.56,32.89206,0,0,0,4.666116e-310,4.666116e-310
16.57,32.89162,0,0,0,4.666116e-310,4.666116e-310
16.58,32.89117,0,0,0,4.666116e-310,4.666116e-310
16.59,32.89073,0,0,0,4.666116e-310,4.666116e-310
16.6,32.89028,0,0,0,4.666116e-310,4.666116e-310
16.61,32.88984,0,0,0,4.666116e-310,4.666116e-310
16.62,32.88939,0,0,0,4.666116e-310,4.666116e-310
16.63,32.88895,0,0,0,4.666116e-310,4.666116e-310
16.64,32.8885,0,0,0,4.666116e-310,4.666116e-310
16.65,32.88806,0,0,0,4.666116e-310,4.666116e-310
16.66,32.88761,0,0,0,4.666116e-310,4.666116e-310
16.67,32.88717,0,0,0,4.666116e-310,4.666116e-310
16.68,32.88673,0,0,0,4.666116e-310,4.666116e-310
16.69,32.88628,0,0,0,4.666116e-310,4.666116e-310
16.7,32.88584,0,0,0,4.666116e-310,4.666116e-310
16.71,32.88539,0,0,0,4.666116e-310,4.666116e-310
16.72,32.88495,0,0,0,4.666116e-310,4.666116e-310
16.73,32.8845,0,0,0,4.666116e-310,4.666116e-310
16.74,32.88406,0,0,0,4.666116e-310,4.666116e-310
16.75,32.88362,0,0,0,4.666116e-310,4.666116e-310
16.76,32.88317,0,0,0,4.666116e-310,4.666116e-310
16.77,32.88273,0,0,0,4.666116e-310,4.666116e-310
16.78,32.88228,0,0,0,4.666116e-310,4.666116e-310
16.79,32.88184,0,0,0,4.666116e-310,4.666116e-310
16.8,32.88139,0,0,0,4.666116e-310,4.666116e-310
16.81,32.88095,0,0,0,4.666116e-310,4.666116e-310
16.82,32.8805,0,0,0,4.666116e-310,4.666116e-310
16.83,32.88006,0,0,0,4.666116e-310,4.666116e-310
16.84,32.87962,0,0,0,4.666116e-310,4.666116e-310
16.85,32.87917,0,0,0,4.666116e-310,4.666116e-310
16.86,32.87873,0,0,0,4.666116e-310,4.666116e-310
16.87,32.87828,0,0,0,4.666116e-310,4.666116e-310
16.88,32.87784,0,0,0,4.666116e-310,4.666116e-310
16.89,32.87739,0,0,0,4.666116e-310,4.666116e-310
16.9,32.87695,0,0,0,4.666116e-310,4.666116e-310
16.91,32.87651,0,0,0,4.666116e-310,4.666116e-310
16.92,32.87606,0,0,0,4.666116e-310,4.666116e-310
16.93,32.87562,0,0,0,4.666116e-310,4.666116e-310
16.94,32.87517,0,0,0,4.666116e-310,4.666116e-310
16.95,32.87473,0,0,0,4.666116e-310,4.666116e-310
16.96,32.87428,0,0,0,4.666116e-310,4.666116e-310
16.97,32.87384,0,0,0,4.666116e-310,4.666116e-310
16.98,32.8734,0,0,0,4.666116e-310,4.666116e-310
16.99,32.87295,0,0,0,4.666116e-310,4.666116e-310
17,32.87251,0,0,0,4.666116e-310,4.666116e-310
17.01,32.87206,0,0,0,4.666116e-310,4.666116e-310
17.02,32.87162,0,0,0,4.666116e-310,4.666116e-310
17.03,32.87118,0,0,0,4.666116e-310,4.666116e-310
17.04,32.87073,0,0,0,4.666116e-310,4.666116e-310
17.05,32.87029,0,0,0,4.666116e-310,4.666116e-310
17.06,32.86984,0,0,0,4.666116e-310,4.666116e-310
17.07,32.8694,0,0,0,4.666116e-310,4.666116e-310
17.08,32.86895,0,0,0,4.666116e-310,4.666116e-310
17.09,32.86851,0,0,0,4.666116e-310,4.666116e-310
17.1,32.86807,0,0,0,4.666116e-310,4.666116e-310
17.11,32.86762,0,0,0,4.666116e-310,4.666116e-310
17.12,32.86718,0,0,0,4.666116e-310,4.666116e-310
17.13,32.86673,0,0,0,4.666116e-310,4.666116e-310
17.14,32.86629,0,0,0,4.666116e-310,4.666116e-310
17.15,32.86585,0,0,0,4.666116e-310,4.666116e-310
17.16,32.8654,0,0,0,4.666116e-310,4.666116e-310
17.17,32.86496,0,0,0,4.666116e-310,4.666116e-310
17.18,32.86451,0,0,0,4.666116e-310,4.666116e-310
17.19,32.86407,0,0,0,4.666116e-310,4.666116e-310
17.2,32.86362,0,0,0,4.666116e-310,4.666116e-310
17.21,32.86318,0,0,0,4.666116e-310,4.666116e-310
17.22,32.86274,0,0,0,4.666116e-310,4.666116e-310
17.23,32.86229,0,0,0,4.666116e-310,4.666116e-310
17.24,32.86185,0,0,0,4.666116e-310,4.666116e-310
17.25,32.8614,0,0,0,4.666116e-310,4.666116e-310
17.26,32.86096,0,0,0,4.666116e-310,4.666116e-310
17.27,32.86052,0,0,0,4.666116e-310,4.666116e-310
17.28,32.86007,0,0,0,4.666116e-310,4.666116e-310
17.29,32.85963,0,0,0,4.666116e-310,4.666116e-310
17.3,32.85918,0,0,0,4.666116e-310,4.666116e-310
17.31,32.85874,0,0,0,4.666116e-310,4.666116e-310
17.32,32.8583,0,0,0,4.666116e-310,4.666116e-310
17.33,32.85785,0,0,0,4.666116e-310,4.666116e-310
17.34,32.85741,0,0,0,4.666116e-310,4.666116e-310
17.35,32.85696,0,0,0,4.666116e-310,4.666116e-310
17.36,32.85652,0,0,0,4.666116e-310,4.666116e-310
17.37,32.85608,0,0,0,4.666116e-310,4.666116e-310
17.38,32.85563,0,0,0,4.666116e-310,4.666116e-310
17.39,32.85519,0,0,0,4.666116e-310,4.666116e-310
17.4,32.85474,0,0,0,4.666116e-310,4.666116e-310
17.41,32.8543,0,0,0,4.666116e-310,4.666116e-310
17.42,32.85386,0,0,0,4.666116e-310,4.666116e-310
17.43,32.85341,0,0,0,4.666116e-310,4.666116e-310
17.44,32.85297,0,0,0,4.666116e-310,4.666116e-310
17.45,32.85252,0,0,0,4.666116e-310,4.666116e-310
17.46,32.85208,0,0,0,4.666116e-310,4.666116e-310
17.47,32.85164,0,0,0,4.666116e-310,4.666116e-310
17.48,32.85119,0,0,0,4.666116e-310,4.666116e-310
17.49,32.85075,0,0,0,4.666116e-310,4.666116e-310
17.5,32.8503,0,0,0,4.666116e-310,4.666116e-310
17.51,32.84986,0,0,0,4.666116e-310,4.666116e-310
17.52,32.84942,0,0,0,4.666116e-310,4.666116e-310
17.53,32.84897,0,0,0,4.666116e-310,4.666116e-310
17.54,32.84853,0,0,0,4.666116e-310,4.666116e-310
17.55,32.84808,0,0,0,4.666116e-310,4.666116e-310
17.56,32.84764,0,0,0,4.666116e-310,4.666116e-310
17.57,32.8472,0,0,0,4.666116e-310,4.666116e-310
17.58,32.84675,0,0,0,4.666116e-310,4.666116e-310
17.59,32.84631,0,0,0,4.666116e-310,4.666116e-310
17.6,32.84587,0,0,0,4.666116e-310,4.666116e-310
17.61,32.84542,0,0,0,4.666116e-310,4.666116e-310
17.62,32.84498,0,0,0,4.666116e-310,4.666116e-310
17.63,32.84453,0,0,0,4.666116e-310,4.666116e-310
17.64,32.84409,0,0,0,4.666116e-310,4.666116e-310
17.65,32.84365,0,0,0,4.666116e-310,4.666116e-310
17.66,32.8432,0,0,0,4.666116e-310,4.666116e-310
17.67,32.84276,0,0,0,4.666116e-310,4.666116e-310
17.68,32.84231,0,0,0,4.666116e-310,4.666116e-310
17.69,32.84187,0,0,0,4.666116e-310,4.666116e-310
17.7,32.84143,0,0,0,4.666116e-310,4.666116e-310
17.71,32.84098,0,0,0,4.666116e-310,4.666116e-310
17.72,32.84054,0,0,0,4.666116e-310,4.666116e-310
17.73,32.8401,0,0,0,4.666116e-310,4.666116e-310
17.74,32.83965,0,0,0,4.666116e-310,4.666116e-310
17.75,32.83921,0,0,0,4.666116e-310,4.666116e-310
17.76,32.83876,0,0,0,4.666116e-310,4.666116e-310
17.77,32.83832,0,0,0,4.666116e-310,4.666116e-310
17.78,32.83788,0,0,0,4.666116e-310,4.666116e-310
17.79,32.83743,0,0,0,4.666116e-310,4.666116e-310
17.8,32.83699,0,0,0,4.666116e-310,4.666116e-310
17.81,32.83655,0,0,0,4.666116e-310,4.666116e-310
17.82,32.8361,0,0,0,4.666116e-310,4.666116e-310
17.83,32.83566,0,0,0,4.666116e-310,4.666116e-310
17.84,32.83521,0,0,0,4.666116e-310,4.666116e-310
17.85,32.83477,0,0,0,4.666116e-310,4.666116e-310
17.86,32.83433,0,0,0,4.666116e-310,4.666116e-310
17.87,32.83388,0,0,0,4.666116e-310,4.666116e-310
17.88,32.83344,0,0,0,4.666116e-310,4.666116e-310
17.89,32.833,0,0,0,4.666116e-310,4.666116e-310
17.9,32.83255,0,0,0,4.666116e-310,4.666116e-310
17.91,32.83211,0,0,0,4.666116e-310,4.666116e-310
17.92,32.83166,0,0,0,4.666116e-310,4.666116e-310
17.93,32.83122,0,0,0,4.666116e-310,4.666116e-310
17.94,32.83078,0,0,0,4.666116e-310,4.666116e-310
17.95,32.83033,0,0,0,4.666116e-310,4.666116e-310
17.96,32.82989,0,0,0,4.666116e-310,4.666116e-310
17.97,32.82945,0,0,0,4.666116e-310,4.666116e-310
17.98,32.829,0,0,0,4.666116e-310,4.666116e-310
17.99,32.82856,0,0,0,4.666116e-310,4.666116e-310
18,32.82812,0,0,0,4.666116e-310,4.666116e-310
18.01,32.82767,0,0,0,4.666116e-310,4.666116e-310
18.02,32.82723,0,0,0,4.666116e-310,4.666116e-310
18.03,32.82678,0,0,0,4.666116e-310,4.666116e-310
18.04,32.82634,0,0,0,4.666116e-310,4.666116e-310
18.05,32.8259,0,0,0,4.666116e-310,4.666116e-310
18.06,32.82545,0,0,0,4.666116e-310,4.666116e-310
18.07,32.82501,0,0,0,4.666116e-310,4.666116e-310
18.08,32.82457,0,0,0,4.666116e-310,4.666116e-310
18.09,32.82412,0,0,0,4.666116e-310,4.666116e-310
18.1,32.82368,0,0,0,4.666116e-310,4.666116e-310
18.11,32.82324,0,0,0,4.666116e-310,4.666116e-310
18.12,32.82279,0,0,0,4.666116e-310,4.666116e-310
18.13,32.82235,0,0,0,4.666116e-310,4.666116e-310
18.14,32.82191,0,0,0,4.666116e-310,4.666116e-310
18.15,32.82146,0,0,0,4.666116e-310,4.666116e-310
18.16,32.82102,0,0,0,4.666116e-310,4.666116e-310
18.17,32.82057,0,0,0,4.666116e-310,4.666116e-310
18.18,32.82013,0,0,0,4.666116e-310,4.666116e-310
18.19,32.81969,0,0,0,4.666116e-310,4.666116e-310
18.2,32.81924,0,0,0,4.666116e-310,4.666116e-310
18.21,32.8188,0,0,0,4.666116e-310,4.666116e-310
18.22,32.81836,0,0,0,4.666116e-310,4.666116e-310
18.23,32.81791,0,0,0,4.666116e-310,4.666116e-310
18.24,32.81747,0,0,0,4.666116e-310,4.666116e-310
18.25,32.81703,0,0,0,4.666116e-310,4.666116e-310
18.26,32.81658,0,0,0,4.666116e-310,4.666116e-310
18.27,32.81614,0,0,0,4.666116e-310,4.666116e-310
18.28,32.8157,0,0,0,4.666116e-310,4.666116e-310
18.29,32.81525,0,0,0,4.666116e-310,4.666116e-310
18.3,32.81481,0,0,0,4.666116e-310,4.666116e-310
18.31,32.81437,0,0,0,4.666116e-310,4.666116e-310
18.32,32.81392,0,0,0,4.666116e-310,4.666116e-310
18.33,32.81348,0,0,0,4.666116e-310,4.666116e-310
18.34,32.81304,0,0,0,4.666116e-310,4.666116e-310
18.35,32.81259,0,0,0,4.666116e-310,4.666116e-310
18.36,32.81215,0,0,0,4.666116e-310,4.666116e-310
18.37,32.81171,0,0,0,4.666116e-310,4.666116e-310
18.38,32.81126,0,0,0,4.666116e-310,4.666116e-310
18.39,32.81082,0,0,0,4.666116e-310,4.666116e-310
18.4,32.81038,0,0,0,4.666116e-310,4.666116e-310
18.41,32.80993,0,0,0,4.666116e-310,4.666116e-310
18.42,32.80949,0,0,0,4.666116e-310,4.666116e-310
18.43,32.80905,0,0,0,4.666116e-310,4.666116e-310
18.44,32.8086,0,0,0,4.666116e-310,4.666116e-310
18.45,32.80816,0,0,0,4.666116e-310,4.666116e-310
18.46,32.80772,0,0,0,4.666116e-310,4.666116e-310
18.47,32.80727,0,0,0,4.666116e-310,4.666116e-310
18.48,32.80683,0,0,0,4.666116e-310,4.666116e-310
18.49,32.80639,0,0,0,4.666116e-310,4.666116e-310
18.5,32.80594,0,0,0,4.666116e-310,4.666116e-310
18.51,32.8055,0,0,0,4.666116e-310,4.666116e-310
18.52,32.80506,0,0,0,4.666116e-310,4.666116e-310
18.53,32.80461,0,0,0,4.666116e-310,4.666116e-310
18.54,32.80417,0,0,0,4.666116e-310,4.666116e-310
18.55,32.80373,0,0,0,4.666116e-310,4.666116e-310
18.56,32.80328,0,0,0,4.666116e-310,4.666116e-310
18.57,32.80284,0,0,0,4.666116e-310,4.666116e-310
18.58,32.8024,0,0,0,4.666116e-310,4.666116e-310
18.59,32.80195,0,0,0,4.666116e-310,4.666116e-310
18.6,32.80151,0,0,0,4.666116e-310,4.666116e-310
18.61,32.80107,0,0,0,4.666116e-310,4.666116e-310
18.62,32.80062,0,0,0,4.666116e-310,4.666116e-310
18.63,32.80018,0,0,0,4.666116e-310,4.666116e-310
18.64,32.79974,0,0,0,4.666116e-310,4.666116e-310
18.65,32.79929,0,0,0,4.666116e-310,4.666116e-310
18.66,32.79885,0,0,0,4.666116e-310,4.666116e-310
18.67,32.79841,0,0,0,4.666116e-310,4.666116e-310
18.68,32.79796,0,0,0,4.666116e-310,4.666116e-310
18.69,32.79752,0,0,0,4.666116e-310,4.666116e-310
18.7,32.79708,0,0,0,4.666116e-310,4.666116e-310
18.71,32.79663,0,0,0,4.666116e-310,4.666116e-310
18.72,32.79619,0,0,0,4.666116e-310,4.666116e-310
18.73,32.79575,0,0,0,4.666116e-310,4.666116e-310
18.74,32.7953,0,0,0,4.666116e-310,4.666116e-310
18.75,32.79486,0,0,0,4.666116e-310,4.666116e-310
18.76,32.79442,0,0,0,4.666116e-310,4.666116e-310
18.77,32.79397,0,0,0,4.666116e-310,4.666116e-310
18.78,32.79353,0,0,0,4.666116e-310,4.666116e-310
18.79,32.79309,0,0,0,4.666116e-310,4.666116e-310
18.8,32.79264,0,0,0,4.666116e-310,4.666116e-310
18.81,32.7922,0,0,0,4.666116e-310,4.666116e-310
18.82,32.79176,0,0,0,4.666116e-310,4.666116e-310
18.83,32.79132,0,0,0,4.666116e-310,4.666116e-310
18.84,32.79087,0,0,0,4.666116e-310,4.666116e-310
18.85,32.79043,0,0,0,4.666116e-310,4.666116e-310
18.86,32.78999,0,0,0,4.666116e-310,4.666116e-310
18.87,32.78954,0,0,0,4.666116e-310,4.666116e-310
18.88,32.7891,0,0,0,4.666116e-310,4.666116e-310
18.89,32.78866,0,0,0,4.666116e-310,4.666116e-310
18.9,32.78821,0,0,0,4.666116e-310,4.666116e-310
18.91,32.78777,0,0,0,4.666116e-310,4.666116e-310
18.92,32.78733,0,0,0,4.666116e-310,4.666116e-310
18.93,32.78688,0,0,0,4.666116e-310,4.666116e-310
18.94,32.78644,0,0,0,4.666116e-310,4.666116e-310
18.95,32.786,0,0,0,4.666116e-310,4.666116e-310
18.96,32.78556,0,0,0,4.666116e-310,4.666116e-310
18.97,32.78511,0,0,0,4.666116e-310,4.666116e-310
18.98,32.78467,0,0,0,4.666116e-310,4.666116e-310
18.99,32.78423,0,0,0,4.666116e-310,4.666116e-310
19,32.78378,0,0,0,4.666116e-310,4.666116e-310
19.01,32.78334,0,0,0,4.666116e-310,4.666116e-310
19.02,32.7829,0,0,0,4.666116e-310,4.666116e-310
19.03,32.78245,0,0,0,4.666116e-310,4.666116e-310
19.04,32.78201,0,0,0,4.666116e-310,4.666116e-310
19.05,32.78157,0,0,0,4.666116e-310,4.666116e-310
19.06,32.78113,0,0,0,4.666116e-310,4.666116e-310
19.07,32.78068,0,0,0,4.666116e-310,4.666116e-310
19.08,32.78024,0,0,0,4.666116e-310,4.666116e-310
19.09,32.7798,0,0,0,4.666116e-310,4.666116e-310
19.1,32.77935,0,0,0,4.666116e-310,4.666116e-310
19.11,32.77891,0,0,0,4.666116e-310,4.666116e-310
19.12,32.77847,0,0,0,4.666116e-310,4.666116e-310
19.13,32.77802,0,0,0,4.666116e-310,4.666116e-310
19.14,32.77758,0,0,0,4.666116e-310,4.666116e-310
19.15,32.77714,0,0,0,4.666116e-310,4.666116e-310
19.16,32.7767,0,0,0,4.666116e-310,4.666116e-310
19.17,32.77625,0,0,0,4.666116e-310,4.666116e-310
19.18,32.77581,0,0,0,4.666116e-310,4.666116e-310
19.19,32.77537,0,0,0,4.666116e-310,4.666116e-310
19.2,32.77492,0,0,0,4.666116e-310,4.666116e-310
19.21,32.77448,0,0,0,4.666116e-310,4.666116e-310
19.22,32.77404,0,0,0,4.666116e-310,4.666116e-310
19.23,32.7736,0,0,0,4.666116e-310,4.666116e-310
19.24,32.77315,0,0,0,4.666116e-310,4.666116e-310
19.25,32.77271,0,0,0,4.666116e-310,4.666116e-310
19.26,32.77227,0,0,0,4.666116e-310,4.666116e-310
19.27,32.77182,0,0,0,4.666116e-310,4.666116e-310
19.28,32.77138,0,0,0,4.666116e-310,4.666116e-310
19.29,32.77094,0,0,0,4.666116e-310,4.666116e-310
19.3,32.7705,0,0,0,4.666116e-310,4.666116e-310
19.31,32.77005,0,0,0,4.666116e-310,4.666116e-310
19.32,32.76961,0,0,0,4.666116e-310,4.666116e-310
19.33,32.76917,0,0,0,4.666116e-310,4.666116e-310
19.34,32.76872,0,0,0,4.666116e-310,4.666116e-310
19.35,32.76828,0,0,0,4.666116e-310,4.666116e-310
19.36,32.76784,0,0,0,4.666116e-310,4.666116e-310
19.37,32.7674,0,0,0,4.666116e-310,4.666116e-310
19.38,32.76695,0,0,0,4.666116e-310,4.666116e-310
19.39,32.76651,0,0,0,4.666116e-310,4.666116e-310
19.4,32.76607,0,0,0,4.666116e-310,4.666116e-310
19.41,32.76562,0,0,0,4.666116e-310,4.666116e-310
19.42,32.76518,0,0,0,4.666116e-310,4.666116e-310
19.43,32.76474,0,0,0,4.666116e-310,4.666116e-310
19.44,32.7643,0,0,0,4.666116e-310,4.666116e-310
19.45,32.76385,0,0,0,4.666116e-310,4.666116e-310
19.46,32.76341,0,0,0,4.666116e-310,4.666116e-310
19.47,32.76297,0,0,0,4.666116e-310,4.666116e-310
19.48,32.76252,0,0,0,4.666116e-310,4.666116e-310
19.49,32.76208,0,0,0,4.666116e-310,4.666116e-310
19.5,32.76164,0,0,0,4.666116e-310,4.666116e-310
19.51,32.7612,0,0,0,4.666116e-310,4.666116e-310
19.52,32.76075,0,0,0,4.666116e-310,4.666116e-310
19.53,32.76031,0,0,0,4.666116e-310,4.666116e-310
19.54,32.75987,0,0,0,4.666116e-310,4.666116e-310
19.55,32.75943,0,0,0,4.666116e-310,4.666116e-310
19.56,32.75898,0,0,0,4.666116e-310,4.666116e-310
19.57,32.75854,0,0,0,4.666116e-310,4.666116e-310
19.58,32.7581,0,0,0,4.666116e-310,4.666116e-310
19.59,32.75766,0,0,0,4.666116e-310,4.666116e-310
19.6,32.75721,0,0,0,4.666116e-310,4.666116e-310
19.61,32.75677,0,0,0,4.666116e-310,4.666116e-310
19.62,32.75633,0,0,0,4.666116e-310,4.666116e-310
19.63,32.75588,0,0,0,4.666116e-310,4.666116e-310
19.64,32.75544,0,0,0,4.666116e-310,4.666116e-310
19.65,32.755,0,0,0,4.666116e-310,4.666116e-310
19.66,32.75456,0,0,0,4.666116e-310,4.666116e-310
19.67,32.75411,0,0,0,4.666116e-310,4.666116e-310
19.68,32.75367,0,0,0,4.666116e-310,4.666116e-310
19.69,32.75323,0,0,0,4.666116e-310,4.666116e-310
19.7,32.75279,0,0,0,4.666116e-310,4.666116e-310
19.71,32.75234,0,0,0,4.666116e-310,4.666116e-310
19.72,32.7519,0,0,0,4.666116e-310,4.666116e-310
19.73,32.75146,0,0,0,4.666116e-310,4.666116e-310
19.74,32.75102,0,0,0,4.666116e-310,4.666116e-310
19.75,32.75057,0,0,0,4.666116e-310,4.666116e-310
19.76,32.75013,0,0,0,4.666116e-310,4.666116e-310
19.77,32.74969,0,0,0,4.666116e-310,4.666116e-310
19.78,32.74925,0,0,0,4.666116e-310,4.666116e-310
19.79,32.7488,0,0,0,4.666116e-310,4.666116e-310
19.8,32.74836,0,0,0,4.666116e-310,4.666116e-310
19.81,32.74792,0,0,0,4.666116e-310,4.666116e-310
19.82,32.74748,0,0,0,4.666116e-310,4.666116e-310
19.83,32.74703,0,0,0,4.666116e-310,4.666116e-310
19.84,32.74659,0,0,0,4.666116e-310,4.666116e-310
19.85,32.74615,0,0,0,4.666116e-310,4.666116e-310
19.86,32.74571,0,0,0,4.666116e-310,4.666116e-310
19.87,32.74526,0,0,0,4.666116e-310,4.666116e-310
19.88,32.74482,0,0,0,4.666116e-310,4.666116e-310
19.89,32.74438,0,0,0,4.666116e-310,4.666116e-310
19.9,32.74394,0,0,0,4.666116e-310,4.666116e-310
19.91,32.74349,0,0,0,4.666116e-310,4.666116e-310
19.92,32.74305,0,0,0,4.666116e-310,4.666116e-310
19.93,32.74261,0,0,0,4.666116e-310,4.666116e-310
19.94,32.74217,0,0,0,4.666116e-310,4.666116e-310
19.95,32.74172,0,0,0,4.666116e-310,4.666116e-310
19.96,32.74128,0,0,0,4.666116e-310,4.666116e-310
19.97,32.74084,0,0,0,4.666116e-310,4.666116e-310
19.98,32.7404,0,0,0,4.666116e-310,4.666116e-310
19.99,32.73995,0,0,0,4.666116e-310,4.666116e-310
